USE gamegoats_db;

-- roles
INSERT INTO roles (role_name) VALUES ('player'), ('recommender'), ('developer'), ('admin');

-- users
INSERT INTO users (username, email, password_hash, region, created_at) VALUES
  ('johnsonjoshua91', 'johnsonjoshua91@gmail.com', '024f63e9ca512b40b07aa2778b75d41008012c98c45cb62a2f10e2d4580f82c7', 'NA-East', '2025-10-02 12:00:00'),
  ('yherrera41', 'yherrera41@outlook.com', '128ac4d38c990e3c8332b218178db584162916784f974d0f9a0d08cb54befb88', 'NA-West', '2025-12-29 12:00:00'),
  ('richard1396', 'richard1396@gamegoats.dev', 'b820f0ac5381013e6871d24b20d95ab81491cf9fe8e7dd1a405cd8d6b070e4a7', 'NA-East', '2025-07-18 12:00:00'),
  ('ryan7014', 'ryan7014@gmail.com', '8b139ec1da4bc929376b381c8251b9594c88d3b59d8593e8304264337c67cb90', 'NA-East', '2025-10-31 12:00:00'),
  ('samuel8739', 'samuel8739@gamegoats.dev', '3a79651aefcee66073a41600367bf5cf13fdfd9f983843757938e3b9b2ef4874', 'AP-South', '2026-02-06 12:00:00'),
  ('dshields81', 'dshields81@outlook.com', 'f771456ecdeed8c866a2742f7f36ece90babaccdcb0f12d3daf20a2bc9c0b7b3', 'LATAM', '2025-05-16 12:00:00'),
  ('ybaker63', 'ybaker63@outlook.com', '7c5ae1ba571aadf70bc200dbdb8bbfbaf680ef746fd83026e482cd0601b13d73', 'EU-West', '2025-09-30 12:00:00'),
  ('randy4710', 'randy4710@outlook.com', '7410060cd5aeb91da5e1403c4653cc89bfaf5df54bc911d28c34049f2ed92f06', 'LATAM', '2025-07-18 12:00:00'),
  ('rebecca0153', 'rebecca0153@proton.me', '34e0278dea1644cd20fc7b665a39e5968142d30ff34d64a8959e9ed13a6f826d', 'NA-West', '2025-11-01 12:00:00'),
  ('nicolejohnson53', 'nicolejohnson53@gmail.com', '411c60a59098279498bdeead2d2cb503103baf9999be0fd7170115226747b92e', 'NA-East', '2025-08-09 12:00:00'),
  ('carlsonmichael22', 'carlsonmichael22@proton.me', '8cc3a15d3a2a112424cc278e092c0ec4aba80a2b8c4db9dc62a8d99574550b1f', 'EU-Central', '2025-10-07 12:00:00'),
  ('russellcarpenter15', 'russellcarpenter15@yahoo.com', '65a361cbebc8bbe1da36749ff6fb918a5c83e2c32115e6926f1e2b0a1960ea1a', 'AP-South', '2025-12-18 12:00:00'),
  ('gregoryrubio58', 'gregoryrubio58@gmail.com', '1ad9a4e85cda545e82738f7ff984ce32c3225a77a5566dda66ac134d7fbcfb35', 'AP-South', '2025-09-22 12:00:00'),
  ('jasminebrown90', 'jasminebrown90@gamegoats.dev', 'b68cc2b66b08a0c3a70f7ad30430690c42ca18e602db422cb9c2510fbfbc62de', 'EU-Central', '2025-04-30 12:00:00'),
  ('dayderek34', 'dayderek34@gmail.com', '9c2b00af785c040b6258899dc8c224a6f4ec3465b62ac02b2db5e4ef7e738a66', 'NA-East', '2025-10-26 12:00:00'),
  ('xlyons47', 'xlyons47@gmail.com', '0cb9ae917a6ec2dd58541de53e6cf66ed5c8a4f178919ce62d8ae79c206e34db', 'NA-West', '2025-12-30 12:00:00'),
  ('christina8758', 'christina8758@proton.me', '0763b4331247823ec5399f21f9c2ecac529616eb571125278a126ec351fc6846', 'EU-West', '2025-08-17 12:00:00'),
  ('fmcguire30', 'fmcguire30@proton.me', 'd5952197e7a3a32c87ac6c29420fb49612d72b1ee4e8a980c7592695e3a1cacc', 'EU-Central', '2025-11-04 12:00:00'),
  ('alexis8295', 'alexis8295@proton.me', '4c8d601f7446da7db61fbb7f33e3d92dfef4fb81792d2a168367afc11eb50041', 'LATAM', '2026-01-14 12:00:00'),
  ('tkerr87', 'tkerr87@outlook.com', 'f828087438911ba793212608578c9d47a0bbe229ab2bedaafe0d59e43b695670', 'AP-South', '2025-10-17 12:00:00'),
  ('charlesmartin30', 'charlesmartin30@yahoo.com', '77bee101c255f9fb9a99ae1f889d5c2f0d2a908f50bd7f94d15ccae2ecb04784', 'EU-West', '2025-10-04 12:00:00'),
  ('manuel1291', 'manuel1291@gamegoats.dev', '9ac1f820b265912a83eec90961ca376c446d1a42fdcd76a2503748548a60aadf', 'NA-West', '2025-09-06 12:00:00'),
  ('andrea8617', 'andrea8617@outlook.com', 'e51e89daaf03d1aaee2ab2b75049cbc7227334daf3e78d3666fda66a8bc0cb0c', 'NA-East', '2025-09-11 12:00:00'),
  ('ugibson61', 'ugibson61@proton.me', '1a018c8077a276054c4c576eb76f8a1160abf58e8aba20bb8cacf2682c63a218', 'NA-East', '2025-11-03 12:00:00'),
  ('cbrennan82', 'cbrennan82@proton.me', '9a7867666aab6395d23120c4a601dc85a2f147db5c26dd709e1a322160e206e3', 'NA-West', '2025-06-09 12:00:00'),
  ('steve0760', 'steve0760@yahoo.com', '7af68c6d4f94fa7c067d2ff4d60f56a70d9f395e276c5d87fff2a19ed56dd6ac', 'NA-West', '2025-10-07 12:00:00'),
  ('bergerdebbie27', 'bergerdebbie27@outlook.com', 'd95a9f3c37420cc88bd61cfe4ea944a885e1821325e30a59d79c45f1fec84f1b', 'LATAM', '2025-05-08 12:00:00'),
  ('emily4978', 'emily4978@proton.me', 'cf723841988d17061de4b9aa30700505116e96874ffde67f3b2bc284912a4f57', 'LATAM', '2025-04-26 12:00:00'),
  ('vaughnjeff64', 'vaughnjeff64@gamegoats.dev', '6af3dd6eeb007ca4c25aae231ff30a9924707e5a9de6202a7d83a4f71b7b088a', 'EU-West', '2025-08-18 12:00:00'),
  ('guerreroanthony38', 'guerreroanthony38@outlook.com', '09722c2d0f23974e74092d75bc4ce9bb7f05e89097a13d6caf1300bc88c3212c', 'AP-South', '2025-06-12 12:00:00'),
  ('cameronhill21', 'cameronhill21@gmail.com', 'db9495ff22857f671b31b596cfd5d7c4e3e5ab5924cb4455575e2779164d5ab3', 'NA-East', '2025-12-03 12:00:00'),
  ('willisanna90', 'willisanna90@outlook.com', 'f765cb7c38069d86650a4ae97d7afe1d5ffb386682ba5c2953daced0b4370fcb', 'LATAM', '2025-07-18 12:00:00'),
  ('vjones86', 'vjones86@gmail.com', '7e4bdd346da1f633cb6e20195744bae513fc9aca529491e9ac12fa129de25d36', 'EU-West', '2025-08-08 12:00:00'),
  ('walkertracey86', 'walkertracey86@yahoo.com', 'd5fd1c3be32349920b5e09db1d3c89a751907845fa7a9cced0c211e8a58b37a9', 'AP-South', '2025-10-14 12:00:00'),
  ('burchgeorge80', 'burchgeorge80@gmail.com', 'a79fc92358c9895b2f63772d96d6e51aa2ed2557fbea3fff1f74b0c57c108534', 'LATAM', '2025-12-23 12:00:00'),
  ('kmaldonado97', 'kmaldonado97@gamegoats.dev', 'cab531877936232d7b3591dd6fbb228413404d8e6b12ba09a6262ce37a4d2fab', 'EU-Central', '2025-08-29 12:00:00'),
  ('toni1824', 'toni1824@proton.me', '446e14635367ca53e8404f347f2eff348be89936d16401b7c1e3533ab8619fd9', 'EU-West', '2025-12-01 12:00:00'),
  ('elizabethcalderon68', 'elizabethcalderon68@gmail.com', 'b18bf43ec75cbdd66fc2f28723d8bb02d18a6e63c444addbc083bc00b24c407b', 'LATAM', '2025-10-08 12:00:00'),
  ('pyoung74', 'pyoung74@outlook.com', '79302d1309cfed8e5a4cbe26fefde4640a05408b664f9786b1c6775c7c742991', 'AP-South', '2025-12-27 12:00:00'),
  ('pshaw90', 'pshaw90@proton.me', 'dc31653779b594456b9275753f2226b415b7bd63151f6365976ad5698e57d5b9', 'LATAM', '2025-06-05 12:00:00');

-- user_roles
INSERT INTO user_roles (user_id, role_id) VALUES
  (1, 1),
  (1, 2),
  (1, 3),
  (2, 1),
  (2, 2),
  (2, 3),
  (3, 1),
  (3, 2),
  (3, 3),
  (4, 1),
  (4, 2),
  (4, 3),
  (5, 1),
  (5, 2),
  (5, 3),
  (6, 1),
  (6, 2),
  (6, 3),
  (7, 1),
  (7, 2),
  (7, 3),
  (8, 1),
  (8, 2),
  (8, 3),
  (9, 1),
  (9, 2),
  (9, 3),
  (10, 1),
  (10, 2),
  (10, 3),
  (11, 1),
  (11, 2),
  (11, 3),
  (12, 1),
  (12, 2),
  (12, 3),
  (13, 1),
  (13, 2),
  (13, 3),
  (14, 1),
  (14, 2),
  (14, 3),
  (15, 1),
  (15, 2),
  (15, 3),
  (16, 1),
  (16, 2),
  (16, 3),
  (17, 1),
  (17, 2),
  (17, 3),
  (18, 1),
  (18, 2),
  (18, 3),
  (19, 1),
  (19, 2),
  (19, 3),
  (20, 1),
  (20, 2),
  (20, 3),
  (21, 1),
  (21, 2),
  (21, 3),
  (22, 1),
  (22, 2),
  (22, 3),
  (23, 1),
  (23, 2),
  (23, 3),
  (24, 1),
  (24, 2),
  (24, 3),
  (25, 1),
  (25, 2),
  (25, 3),
  (26, 1),
  (26, 2),
  (26, 3),
  (27, 1),
  (27, 2),
  (27, 3),
  (28, 1),
  (28, 2),
  (28, 3),
  (29, 1),
  (29, 2),
  (29, 3),
  (30, 1),
  (30, 2),
  (30, 3),
  (31, 1),
  (31, 2),
  (31, 3),
  (32, 1),
  (32, 2),
  (32, 3),
  (33, 1),
  (33, 2),
  (33, 3),
  (34, 1),
  (34, 2),
  (34, 3),
  (35, 1),
  (35, 2),
  (35, 3),
  (35, 4),
  (36, 1),
  (36, 2),
  (36, 3),
  (36, 4),
  (37, 1),
  (37, 2),
  (37, 3),
  (37, 4),
  (38, 1),
  (38, 2),
  (38, 3),
  (38, 4),
  (39, 1),
  (39, 2),
  (39, 3),
  (39, 4),
  (40, 1),
  (40, 2),
  (40, 3),
  (40, 4);

-- studios
INSERT INTO studios (studio_name, headquarters_region, created_at) VALUES
  ('Quantum Games', 'NA-West', '2025-07-13 12:00:00'),
  ('Ember Collective', 'AP-South', '2026-01-20 12:00:00'),
  ('Quantum Studios', 'EU-West', '2026-01-11 12:00:00'),
  ('Pixel Network', 'EU-Central', '2025-08-16 12:00:00'),
  ('Storm Forge', 'NA-West', '2025-04-05 12:00:00'),
  ('Iron Works', 'LATAM', '2025-05-17 12:00:00'),
  ('Iron Creations', 'AP-South', '2024-12-24 12:00:00'),
  ('Crystal Labs', 'LATAM', '2025-05-22 12:00:00'),
  ('Titan Labs', 'EU-Central', '2025-04-25 12:00:00'),
  ('Quantum Digital', 'NA-West', '2025-04-19 12:00:00'),
  ('Lunar Ventures', 'EU-Central', '2025-06-30 12:00:00'),
  ('Obsidian Entertainment', 'AP-South', '2025-06-03 12:00:00'),
  ('Pixel Games', 'NA-West', '2025-12-19 12:00:00'),
  ('Crimson Forge', 'AP-South', '2025-04-12 12:00:00'),
  ('Storm Assembly', 'NA-West', '2026-01-17 12:00:00'),
  ('Iron Ventures', 'LATAM', '2025-12-21 12:00:00'),
  ('Storm Works', 'NA-East', '2025-08-04 12:00:00'),
  ('Iron Collective', 'NA-West', '2025-08-31 12:00:00'),
  ('Frost Games', 'AP-South', '2025-11-14 12:00:00'),
  ('Shadow Assembly', 'EU-West', '2025-09-18 12:00:00'),
  ('Frost Creations', 'EU-West', '2025-10-15 12:00:00'),
  ('Pixel Works', 'LATAM', '2025-06-14 12:00:00'),
  ('Obsidian Digital', 'EU-West', '2025-05-26 12:00:00'),
  ('Nebula Dynamics', 'LATAM', '2025-02-24 12:00:00'),
  ('Pixel Forge', 'EU-West', '2025-01-13 12:00:00'),
  ('Crimson Creations', 'NA-East', '2025-09-15 12:00:00'),
  ('Lunar Games', 'AP-South', '2025-06-05 12:00:00'),
  ('Crystal Digital', 'NA-West', '2025-08-31 12:00:00'),
  ('Echo Games', 'NA-East', '2025-06-08 12:00:00'),
  ('Titan Works', 'NA-East', '2025-02-21 12:00:00'),
  ('Titan Productions', 'NA-East', '2025-12-04 12:00:00'),
  ('Storm Labs', 'EU-West', '2025-05-17 12:00:00'),
  ('Hyper Network', 'NA-East', '2025-10-28 12:00:00'),
  ('Hyper Forge', 'EU-West', '2025-09-07 12:00:00'),
  ('Echo Interactive', 'EU-West', '2025-01-29 12:00:00');

-- developer_profiles
INSERT INTO developer_profiles (developer_id, dev_handle, portfolio_url, years_experience) VALUES
  (24, 'dev_ehFM94', 'https://portfolio.dev/dev_ehFM94', 9),
  (25, 'dev_IbOG85', 'https://portfolio.dev/dev_IbOG85', 12),
  (26, 'dev_KpTj63', 'https://portfolio.dev/dev_KpTj63', 3),
  (27, 'dev_sBaN25', 'https://portfolio.dev/dev_sBaN25', 5),
  (28, 'dev_wpKA28', 'https://portfolio.dev/dev_wpKA28', 1),
  (29, 'dev_lQQf75', 'https://portfolio.dev/dev_lQQf75', 12),
  (30, 'dev_HxeH70', 'https://portfolio.dev/dev_HxeH70', 1),
  (31, 'dev_IGYG96', 'https://portfolio.dev/dev_IGYG96', 6),
  (32, 'dev_JbyE8', 'https://portfolio.dev/dev_JbyE8', 1),
  (33, 'dev_cOyx75', 'https://portfolio.dev/dev_cOyx75', 8),
  (34, 'dev_qVbw65', 'https://portfolio.dev/dev_qVbw65', 9),
  (35, 'dev_Yewp21', 'https://portfolio.dev/dev_Yewp21', 1),
  (36, 'dev_UQOg66', 'https://portfolio.dev/dev_UQOg66', 2),
  (37, 'dev_XLVW24', 'https://portfolio.dev/dev_XLVW24', 2),
  (38, 'dev_vicw77', 'https://portfolio.dev/dev_vicw77', 2);

-- studio_memberships
INSERT INTO studio_memberships (studio_id, developer_id, is_owner, joined_on) VALUES
  (1, 26, 0, '2025-11-27'),
  (1, 29, 0, '2026-03-09'),
  (1, 31, 0, '2025-04-18'),
  (1, 32, 0, '2025-12-13'),
  (2, 24, 0, '2025-08-29'),
  (2, 31, 0, '2025-10-04'),
  (2, 36, 0, '2025-10-30'),
  (2, 37, 0, '2026-02-14'),
  (3, 24, 0, '2025-10-30'),
  (3, 27, 0, '2025-09-23'),
  (3, 33, 0, '2025-04-27'),
  (3, 34, 1, '2025-07-04'),
  (4, 29, 0, '2025-08-29'),
  (4, 31, 0, '2025-04-08'),
  (5, 26, 0, '2025-06-20'),
  (5, 27, 1, '2025-10-03'),
  (5, 29, 0, '2026-03-07'),
  (5, 33, 1, '2026-01-21'),
  (6, 31, 0, '2025-11-08'),
  (7, 29, 0, '2025-12-20'),
  (7, 30, 0, '2025-05-28'),
  (7, 34, 0, '2025-11-06'),
  (7, 35, 1, '2026-03-02'),
  (7, 37, 0, '2026-01-25'),
  (8, 24, 0, '2025-05-20'),
  (8, 25, 0, '2025-08-11'),
  (8, 35, 0, '2025-09-26'),
  (8, 38, 0, '2025-10-12'),
  (9, 25, 0, '2025-08-10'),
  (9, 29, 0, '2025-05-15'),
  (9, 30, 0, '2025-07-03'),
  (9, 31, 0, '2026-01-21'),
  (9, 32, 1, '2025-09-05'),
  (10, 28, 0, '2025-05-30'),
  (10, 30, 1, '2025-12-14'),
  (10, 33, 0, '2025-11-11'),
  (10, 35, 0, '2026-02-27'),
  (11, 25, 0, '2025-03-24'),
  (11, 28, 0, '2025-08-10'),
  (11, 30, 0, '2026-03-21'),
  (11, 32, 0, '2025-06-28'),
  (11, 36, 0, '2025-06-19'),
  (11, 37, 0, '2025-04-04'),
  (12, 27, 0, '2025-03-18'),
  (12, 34, 0, '2025-04-12'),
  (12, 36, 1, '2025-12-11'),
  (13, 25, 0, '2025-09-16'),
  (13, 37, 0, '2025-08-13'),
  (13, 38, 1, '2026-02-14'),
  (14, 24, 0, '2025-04-15'),
  (14, 25, 0, '2025-10-03'),
  (14, 27, 0, '2025-05-06'),
  (14, 30, 0, '2025-10-12'),
  (14, 31, 0, '2025-04-16'),
  (14, 32, 0, '2026-01-17'),
  (14, 33, 0, '2025-03-18'),
  (15, 26, 0, '2025-10-19'),
  (16, 24, 1, '2025-07-05'),
  (16, 37, 1, '2025-10-14'),
  (17, 25, 0, '2025-04-14'),
  (17, 27, 0, '2025-08-24'),
  (17, 31, 0, '2025-10-05'),
  (17, 32, 0, '2025-08-27'),
  (18, 28, 0, '2025-03-30'),
  (18, 30, 0, '2025-10-21'),
  (18, 32, 0, '2025-06-11'),
  (18, 33, 0, '2026-01-15'),
  (18, 37, 0, '2025-12-13'),
  (19, 24, 0, '2025-08-18'),
  (19, 26, 0, '2025-04-15'),
  (19, 28, 0, '2025-09-08'),
  (19, 30, 0, '2025-04-09'),
  (19, 33, 0, '2025-12-22'),
  (20, 24, 0, '2025-05-10'),
  (20, 26, 1, '2025-06-03'),
  (20, 29, 0, '2025-10-18'),
  (20, 34, 0, '2025-08-26'),
  (20, 38, 0, '2025-06-14'),
  (21, 25, 0, '2026-03-21'),
  (21, 26, 0, '2025-10-17'),
  (21, 30, 0, '2025-10-26'),
  (21, 31, 0, '2025-12-04'),
  (22, 25, 0, '2025-08-13'),
  (22, 30, 0, '2025-05-29'),
  (22, 34, 0, '2025-05-15'),
  (23, 25, 0, '2025-04-20'),
  (23, 28, 0, '2025-10-08'),
  (23, 30, 0, '2025-07-26'),
  (23, 32, 0, '2025-08-07'),
  (23, 35, 0, '2025-08-07'),
  (23, 38, 0, '2025-04-10'),
  (24, 28, 1, '2025-12-02'),
  (24, 33, 0, '2025-07-03'),
  (24, 34, 0, '2025-07-22'),
  (24, 36, 0, '2025-12-25'),
  (26, 24, 0, '2025-04-18'),
  (26, 36, 0, '2026-02-06'),
  (26, 38, 0, '2025-10-27'),
  (27, 28, 0, '2025-07-01'),
  (27, 29, 0, '2025-04-16'),
  (27, 31, 0, '2025-05-01'),
  (27, 35, 0, '2025-05-08'),
  (27, 36, 0, '2025-10-01'),
  (27, 38, 0, '2026-02-02'),
  (28, 35, 0, '2025-11-21'),
  (28, 37, 0, '2025-04-11'),
  (28, 38, 0, '2025-10-14'),
  (29, 28, 0, '2025-11-26'),
  (29, 29, 0, '2025-12-10'),
  (29, 32, 0, '2026-01-05'),
  (29, 34, 0, '2026-03-09'),
  (30, 24, 0, '2026-02-26'),
  (30, 26, 0, '2025-11-16'),
  (30, 27, 0, '2025-07-21'),
  (30, 35, 0, '2025-05-13'),
  (30, 36, 0, '2026-02-12'),
  (30, 37, 0, '2025-07-31'),
  (30, 38, 0, '2025-08-21'),
  (31, 29, 0, '2025-05-03'),
  (31, 32, 0, '2025-05-31'),
  (31, 35, 0, '2025-12-12'),
  (32, 31, 1, '2025-03-19'),
  (33, 27, 0, '2025-03-30'),
  (34, 25, 1, '2025-09-06'),
  (34, 29, 1, '2025-07-11'),
  (35, 24, 0, '2025-08-29'),
  (35, 26, 0, '2025-11-17'),
  (35, 27, 0, '2026-01-05'),
  (35, 33, 0, '2025-04-20'),
  (35, 34, 0, '2025-04-03'),
  (35, 36, 0, '2026-03-19'),
  (35, 37, 0, '2026-01-26');

-- games
INSERT INTO games (title, description, genre, platform, release_year, average_rating, lifecycle_status, published_by_studio_id, created_at, updated_at) VALUES
  ('Astral Uprising', 'Full poor store range wonder long consider care respond want already cut social though firm financial huge spring list already positive experience television.', 'Strategy', 'PlayStation', 2024, 4.89, 'active', 16, '2026-01-18 12:00:00', '2026-02-17 12:00:00'),
  ('Shattered Eclipse', 'Tend forward buy happy threat sea thus hit wind many marriage.', 'Racing', 'Nintendo', 2020, 3.98, 'sunset', NULL, '2025-05-12 12:00:00', '2025-07-04 12:00:00'),
  ('Dark Legends', 'Entire bar interesting issue yet Congress family bill foreign fast knowledge response coach know language risk treatment past itself police social arm.', 'Puzzle', 'Mobile', 2025, 4.76, 'active', 31, '2025-08-03 12:00:00', '2025-08-20 12:00:00'),
  ('Astral Crusade', 'Guy song quickly well central parent sit alone attack sing hand him note painting quickly we head several off.', 'Racing', 'Xbox', 2019, 4.06, 'active', 19, '2025-11-21 12:00:00', '2025-12-09 12:00:00'),
  ('Phantom Legacy', 'Happen fire everything whether ago control military trial brother simple region Democrat partner really your customer career available common require young specific.', 'RPG', 'Mobile', 2014, 2.88, 'active', 14, '2026-02-17 12:00:00', '2026-03-16 12:00:00'),
  ('Iron Legacy', 'Property remember nearly face feel church remember record company gun difference world society door management guess occur level.', 'Platformer', 'Mobile', 2018, 2.66, 'maintenance', 2, '2025-02-23 12:00:00', '2025-04-01 12:00:00'),
  ('Iron Vanguard', 'Candidate this assume huge response long improve important offer by first avoid letter military campaign stop necessary onto should can me than story.', 'Adventure', 'PC', 2016, 4.38, 'maintenance', NULL, '2025-08-19 12:00:00', '2025-09-23 12:00:00'),
  ('Dark Forge', 'Check clearly follow remember generation wait thus suffer economy play nearly by field move maybe collection walk child probably result painting successful.', 'Horror', 'Mobile', 2026, 3.05, 'active', 2, '2025-09-03 12:00:00', '2025-09-25 12:00:00'),
  ('Silent Throne', 'American tell ball we side enough decision occur peace air threat nation politics few each southern image law read citizen indeed less future.', 'Strategy', 'Nintendo', 2025, 3.66, 'active', 2, '2025-09-01 12:00:00', '2025-10-09 12:00:00'),
  ('Ember Throne', 'Fine responsibility safe team wish candidate have no five letter environment easy best face.', 'RPG', 'PC', 2022, 3.57, 'maintenance', 17, '2025-09-08 12:00:00', '2025-09-29 12:00:00'),
  ('Solar Vanguard', 'Ten industry while total spend value return couple city you level these market bed hotel lead drive on any.', 'Adventure', 'Xbox', 2024, 4.69, 'active', NULL, '2025-08-18 12:00:00', '2025-09-04 12:00:00'),
  ('Hollow Dominion', 'Manager think pressure like Mr suggest issue think road shake hand hundred now crime network available mean.', 'Shooter', 'Nintendo', 2023, 3.84, 'sunset', 5, '2025-02-15 12:00:00', '2025-03-29 12:00:00'),
  ('Crimson Eclipse', 'Evidence writer quite budget window hour some fund voice sense current meeting matter and case four listen lead paper middle foreign party class.', 'Simulation', 'PC', 2015, 4.59, 'active', 31, '2025-04-13 12:00:00', '2025-04-21 12:00:00'),
  ('Ember Crusade', 'School federal from stock mother remember feel staff happy purpose woman on someone rise read ago listen whose situation simply officer return on color.', 'Sports', 'Nintendo', 2024, 3.42, 'active', NULL, '2025-03-19 12:00:00', '2025-03-27 12:00:00'),
  ('Astral Horizon', 'Return simple herself start drug occur red course kid industry include data maybe particularly likely summer road relationship million night your long heavy what least.', 'Sports', 'PlayStation', 2013, 3.94, 'sunset', 25, '2025-08-30 12:00:00', '2025-10-15 12:00:00'),
  ('Solar Dominion', 'Garden great sign return poor really particular court east newspaper different win father eye debate relate first give value somebody event business quality.', 'Simulation', 'Mobile', 2013, 4.24, 'active', 8, '2025-02-07 12:00:00', '2025-03-16 12:00:00'),
  ('Astral Frontier', 'Time house generation significant chair among western bad under pretty section degree still even no even body scientist dream.', 'Racing', 'Xbox', 2018, 4.15, 'active', 1, '2025-08-18 12:00:00', '2025-10-10 12:00:00'),
  ('Mystic Dominion', 'Prove most point appear including response beyond side accept nearly upon.', 'Adventure', 'Nintendo', 2022, 4.72, 'active', 12, '2025-03-11 12:00:00', '2025-04-14 12:00:00'),
  ('Silent Chronicle', 'Present thing little practice sense expert experience arrive shoulder present discussion school sure also TV individual study value already structure.', 'Racing', 'Mobile', 2024, 3.70, 'active', 18, '2025-10-07 12:00:00', '2025-12-01 12:00:00'),
  ('Solar Horizon', 'Control see the face also fear owner up friend lawyer political modern threat care mean evening speak former room possible responsibility add.', 'Sports', 'PC', 2026, 3.62, 'maintenance', 25, '2025-09-30 12:00:00', '2025-10-02 12:00:00'),
  ('Mystic Horizon', 'So nothing serious compare task today still middle beautiful protect continue cell food easy end dog send west.', 'Strategy', 'Xbox', 2019, 3.03, 'maintenance', 18, '2025-06-10 12:00:00', '2025-06-11 12:00:00'),
  ('Void Crusade', 'Old of end growth door property let civil rather type thousand show real police wait happen determine.', 'Simulation', 'PC', 2023, 3.51, 'active', 31, '2025-04-25 12:00:00', '2025-06-10 12:00:00'),
  ('Mystic Vanguard', 'Long lawyer writer health reduce tree serious soon stay seven quite other skin.', 'RPG', 'PC', 2016, 3.05, 'active', 24, '2025-07-22 12:00:00', '2025-08-27 12:00:00'),
  ('Void Legacy', 'Land region back nor article natural measure of change foreign minute break day on before member speak law message lead around left.', 'Racing', 'Nintendo', 2017, 3.38, 'active', 15, '2026-01-19 12:00:00', '2026-03-07 12:00:00'),
  ('Solar Legacy', 'Rich how staff second official and general as yes various attorney value all important shoulder she within.', 'Racing', 'PC', 2024, 4.22, 'active', 18, '2025-03-16 12:00:00', '2025-04-23 12:00:00'),
  ('Astral Rift', 'Hear through large true help bag who themselves card team budget year hotel camera without strong series without leg rest.', 'Sports', 'Mobile', 2013, 4.57, 'active', 20, '2026-03-14 12:00:00', '2026-04-29 12:00:00'),
  ('Void Odyssey', 'Mother statement easy get every visit right both special information she this administration deal beyond almost our reflect any scientist.', 'Shooter', 'Xbox', 2012, 3.88, 'active', 32, '2026-01-28 12:00:00', '2026-03-25 12:00:00'),
  ('Crimson Bastion', 'Keep music senior simply cell year doctor trouble office officer significant stand down then worry miss including every news.', 'Platformer', 'Xbox', 2019, 3.60, 'active', 31, '2026-01-22 12:00:00', '2026-03-16 12:00:00'),
  ('Neon Uprising', 'They treatment personal interview many win walk provide skill five indicate chance heavy senior list support feeling remain south trip none whose newspaper care.', 'RPG', 'Nintendo', 2021, 4.07, 'active', 20, '2026-02-06 12:00:00', '2026-02-22 12:00:00'),
  ('Neon Rift', 'Effort form bad last he movie stop appear help painting always authority source onto provide describe.', 'Horror', 'Nintendo', 2021, 4.47, 'active', 29, '2025-08-07 12:00:00', '2025-08-27 12:00:00'),
  ('Hollow Bastion', 'Thank four whatever address view while bring yourself look drug page daughter trip need simply.', 'Sports', 'Nintendo', 2021, 4.05, 'active', 14, '2025-05-05 12:00:00', '2025-05-19 12:00:00'),
  ('Frozen Throne', 'Letter possible final growth third letter sort reveal seven floor data fine animal ten scientist administration network once result.', 'Strategy', 'PC', 2015, 2.93, 'active', 29, '2025-04-03 12:00:00', '2025-05-12 12:00:00'),
  ('Mystic Chronicle', 'Charge form here street material pressure range either start whom politics make collection some college result major.', 'Simulation', 'PC', 2016, 4.26, 'maintenance', 15, '2025-11-06 12:00:00', '2025-12-27 12:00:00'),
  ('Astral Throne', 'Wrong whatever model stuff avoid stand any according case piece attack character despite lay art point value tree process administration mother in admit.', 'Simulation', 'Mobile', 2018, 2.79, 'active', 18, '2026-01-08 12:00:00', '2026-01-13 12:00:00'),
  ('Crimson Odyssey', 'Movie expert maybe recently issue vote conference truth modern drive people education great some bad where learn.', 'Horror', 'Xbox', 2023, 4.55, 'sunset', 30, '2025-04-03 12:00:00', '2025-04-23 12:00:00'),
  ('Dark Uprising', 'Wrong difficult range summer president teach service behavior here need argue act commercial matter its six.', 'Racing', 'Xbox', 2020, 3.73, 'active', 28, '2025-03-10 12:00:00', '2025-03-31 12:00:00'),
  ('Ember Chronicle', 'With wind thus try discover top realize note even under range exactly myself probably conference sure administration debate certain star start up federal.', 'RPG', 'PC', 2015, 4.90, 'maintenance', 2, '2025-02-23 12:00:00', '2025-04-08 12:00:00'),
  ('Hollow Chronicle', 'Drive strong home to forward sense cause write right may window approach join stuff future shoulder western however similar ahead event yeah make.', 'Shooter', 'Mobile', 2024, 4.38, 'active', 18, '2025-12-19 12:00:00', '2026-01-26 12:00:00'),
  ('Iron Throne', 'Need heart control one herself sign far east available environmental here six child hope guess before wall know.', 'RPG', 'Nintendo', 2019, 3.37, 'active', 11, '2025-10-04 12:00:00', '2025-10-31 12:00:00'),
  ('Dark Vanguard', 'Bill beautiful issue news mention billion bed never others six tell activity including single right nice.', 'Puzzle', 'Xbox', 2025, 4.39, 'active', 17, '2025-10-07 12:00:00', '2025-10-15 12:00:00');

-- game_developers
INSERT INTO game_developers (game_id, developer_id, contribution_role) VALUES
  (1, 28, 'Backend Engineering'),
  (1, 33, 'Narrative'),
  (1, 34, 'Gameplay Programming'),
  (1, 38, 'Tools'),
  (2, 24, 'Level Design'),
  (2, 34, 'Audio'),
  (3, 26, 'Gameplay Programming'),
  (3, 28, 'Backend Engineering'),
  (4, 27, 'QA'),
  (4, 28, 'Narrative'),
  (4, 38, 'Lead Design'),
  (5, 26, 'Level Design'),
  (5, 28, 'Art Direction'),
  (5, 31, 'Gameplay Programming'),
  (6, 27, 'Level Design'),
  (6, 30, 'QA'),
  (6, 36, 'Backend Engineering'),
  (6, 37, 'Narrative'),
  (7, 31, 'Tools'),
  (7, 36, 'Audio'),
  (7, 37, 'Backend Engineering'),
  (7, 38, 'UI/UX'),
  (8, 31, 'Lead Design'),
  (8, 34, 'Lead Design'),
  (9, 25, 'Tools'),
  (9, 34, 'Narrative'),
  (9, 37, 'Backend Engineering'),
  (9, 38, 'Backend Engineering'),
  (10, 25, 'QA'),
  (10, 30, 'Art Direction'),
  (10, 31, 'UI/UX'),
  (11, 28, 'Audio'),
  (11, 35, 'Narrative'),
  (12, 25, 'Gameplay Programming'),
  (12, 26, 'Art Direction'),
  (13, 26, 'Audio'),
  (13, 32, 'Level Design'),
  (13, 33, 'UI/UX'),
  (13, 35, 'Audio'),
  (15, 31, 'Backend Engineering'),
  (15, 33, 'Narrative'),
  (15, 37, 'Level Design'),
  (16, 30, 'Audio'),
  (16, 31, 'Tools'),
  (16, 32, 'Lead Design'),
  (16, 33, 'Gameplay Programming'),
  (16, 34, 'QA'),
  (16, 35, 'Narrative'),
  (17, 29, 'Narrative'),
  (17, 31, 'QA'),
  (17, 32, 'Gameplay Programming'),
  (17, 34, 'Backend Engineering'),
  (18, 30, 'Gameplay Programming'),
  (18, 32, 'Art Direction'),
  (18, 37, 'Gameplay Programming'),
  (19, 24, 'Lead Design'),
  (19, 27, 'Audio'),
  (19, 29, 'Tools'),
  (19, 31, 'QA'),
  (19, 32, 'Backend Engineering'),
  (19, 34, 'Narrative'),
  (19, 35, 'Backend Engineering'),
  (19, 36, 'QA'),
  (20, 27, 'Level Design'),
  (20, 34, 'Lead Design'),
  (20, 37, 'Lead Design'),
  (20, 38, 'Gameplay Programming'),
  (21, 34, 'QA'),
  (21, 35, 'UI/UX'),
  (21, 36, 'Level Design'),
  (21, 37, 'QA'),
  (22, 36, 'Backend Engineering'),
  (22, 37, 'Art Direction'),
  (23, 27, 'QA'),
  (23, 29, 'Level Design'),
  (23, 33, 'QA'),
  (24, 32, 'QA'),
  (24, 33, 'Gameplay Programming'),
  (25, 27, 'UI/UX'),
  (25, 30, 'Level Design'),
  (25, 33, 'Lead Design'),
  (25, 37, 'Tools'),
  (26, 24, 'UI/UX'),
  (26, 28, 'UI/UX'),
  (26, 34, 'Art Direction'),
  (26, 37, 'Tools'),
  (27, 24, 'UI/UX'),
  (27, 26, 'Backend Engineering'),
  (27, 29, 'Lead Design'),
  (27, 33, 'UI/UX'),
  (28, 26, 'Lead Design'),
  (28, 35, 'Gameplay Programming'),
  (29, 24, 'QA'),
  (29, 25, 'Level Design'),
  (29, 36, 'Gameplay Programming'),
  (30, 24, 'Lead Design'),
  (30, 38, 'UI/UX'),
  (31, 25, 'Tools'),
  (31, 31, 'Lead Design'),
  (31, 35, 'UI/UX'),
  (31, 36, 'Audio'),
  (32, 25, 'Art Direction'),
  (32, 34, 'Backend Engineering'),
  (32, 37, 'Backend Engineering'),
  (33, 28, 'Narrative'),
  (33, 33, 'Narrative'),
  (33, 37, 'Gameplay Programming'),
  (33, 38, 'Art Direction'),
  (34, 38, 'Level Design'),
  (35, 24, 'Backend Engineering'),
  (35, 26, 'Narrative'),
  (35, 30, 'Art Direction'),
  (35, 31, 'QA'),
  (35, 38, 'Level Design'),
  (36, 24, 'Lead Design'),
  (36, 26, 'Art Direction'),
  (36, 29, 'Tools'),
  (36, 30, 'Narrative'),
  (36, 36, 'Lead Design'),
  (37, 28, 'Lead Design'),
  (37, 29, 'Narrative'),
  (38, 26, 'Audio'),
  (38, 29, 'Audio'),
  (38, 33, 'Backend Engineering'),
  (39, 32, 'Narrative'),
  (39, 35, 'Narrative'),
  (39, 36, 'Backend Engineering'),
  (40, 25, 'Backend Engineering'),
  (40, 35, 'Gameplay Programming'),
  (40, 37, 'Level Design');

-- tags
INSERT INTO tags (tag_name) VALUES
  ('open-world'),
  ('co-op'),
  ('roguelike'),
  ('battle-royale'),
  ('pixel-art'),
  ('story-driven'),
  ('sandbox'),
  ('turn-based'),
  ('pvp'),
  ('crafting'),
  ('survival'),
  ('stealth'),
  ('base-building'),
  ('deckbuilder'),
  ('metroidvania'),
  ('souls-like'),
  ('mmorpg'),
  ('speedrun-friendly'),
  ('procedural'),
  ('moddable'),
  ('retro'),
  ('vr-compatible'),
  ('cross-platform'),
  ('early-access'),
  ('free-to-play'),
  ('esports'),
  ('local-multiplayer'),
  ('narrative'),
  ('hack-and-slash'),
  ('tower-defense'),
  ('city-builder'),
  ('dungeon-crawler'),
  ('bullet-hell'),
  ('idle'),
  ('rhythm');

-- game_tags
INSERT INTO game_tags (game_id, tag_id) VALUES
  (1, 12),
  (1, 14),
  (2, 6),
  (2, 12),
  (2, 21),
  (2, 30),
  (3, 4),
  (3, 15),
  (3, 28),
  (4, 10),
  (4, 19),
  (4, 29),
  (5, 6),
  (5, 10),
  (5, 12),
  (5, 20),
  (5, 21),
  (5, 26),
  (5, 33),
  (6, 6),
  (6, 18),
  (6, 33),
  (7, 8),
  (7, 10),
  (7, 21),
  (7, 22),
  (7, 23),
  (8, 1),
  (8, 18),
  (8, 23),
  (8, 26),
  (8, 27),
  (8, 34),
  (9, 17),
  (9, 18),
  (10, 5),
  (10, 16),
  (10, 26),
  (10, 31),
  (11, 4),
  (11, 24),
  (11, 30),
  (12, 3),
  (12, 9),
  (12, 10),
  (14, 10),
  (14, 33),
  (15, 27),
  (15, 33),
  (16, 28),
  (16, 29),
  (17, 13),
  (17, 24),
  (18, 20),
  (19, 17),
  (19, 21),
  (19, 25),
  (19, 30),
  (19, 32),
  (20, 14),
  (20, 18),
  (20, 21),
  (20, 25),
  (21, 10),
  (21, 31),
  (22, 5),
  (22, 6),
  (22, 7),
  (22, 9),
  (22, 11),
  (22, 15),
  (22, 23),
  (22, 30),
  (23, 7),
  (23, 20),
  (23, 23),
  (23, 28),
  (23, 33),
  (24, 6),
  (24, 9),
  (24, 19),
  (24, 24),
  (25, 27),
  (25, 30),
  (25, 34),
  (25, 35),
  (26, 4),
  (26, 9),
  (26, 20),
  (26, 27),
  (27, 18),
  (27, 19),
  (27, 22),
  (28, 2),
  (28, 7),
  (28, 8),
  (28, 21),
  (28, 29),
  (29, 5),
  (29, 13),
  (29, 28),
  (29, 34),
  (30, 22),
  (30, 29),
  (31, 15),
  (31, 29),
  (32, 28),
  (32, 29),
  (32, 30),
  (33, 10),
  (33, 13),
  (33, 28),
  (34, 6),
  (34, 11),
  (34, 14),
  (34, 20),
  (36, 4),
  (36, 14),
  (36, 23),
  (36, 24),
  (36, 25),
  (37, 6),
  (37, 15),
  (37, 21),
  (37, 26),
  (37, 28),
  (37, 29),
  (37, 33),
  (38, 3),
  (38, 4),
  (38, 10),
  (38, 22),
  (38, 26),
  (39, 4),
  (39, 6),
  (39, 10),
  (39, 18),
  (39, 20),
  (40, 21),
  (40, 33);

-- comments
INSERT INTO comments (game_id, created_by_user_id, comment_text, rating, created_at, updated_at) VALUES
  (34, 6, 'Matchmaking times are way better after the server update.', 5, '2026-03-04 12:00:00', '2026-03-04 13:00:00'),
  (24, 20, 'Difficulty curve feels well-balanced overall.', 2, '2026-03-07 12:00:00', '2026-03-08 19:00:00'),
  (13, 15, 'Co-op mode had occasional desync issues on cross-play.', 2, '2026-04-10 12:00:00', '2026-04-11 06:00:00'),
  (7, 33, 'Loading times improved dramatically with the latest hotfix.', 5, '2026-04-15 12:00:00', '2026-04-17 06:00:00'),
  (22, 40, 'Co-op mode had occasional desync issues on cross-play.', 5, '2026-03-02 12:00:00', '2026-03-02 21:00:00'),
  (11, 12, 'Voice acting quality is excellent for an indie title.', 2, '2026-01-17 12:00:00', '2026-01-18 16:00:00'),
  (3, 27, 'Frame rate drops on older hardware during boss fights.', 2, '2026-02-22 12:00:00', '2026-02-24 03:00:00'),
  (19, 29, 'Audio design is top-tier, especially the ambient tracks.', 5, '2026-03-20 12:00:00', '2026-03-21 07:00:00'),
  (31, 13, 'Frame rate drops on older hardware during boss fights.', 5, '2026-02-22 12:00:00', '2026-02-23 17:00:00'),
  (19, 25, 'End-game content keeps me coming back every week.', 5, '2026-02-25 12:00:00', '2026-02-25 22:00:00'),
  (13, 39, 'Co-op mode had occasional desync issues on cross-play.', 3, '2026-04-13 12:00:00', '2026-04-15 05:00:00'),
  (31, 24, 'Loading times improved dramatically with the latest hotfix.', 1, '2026-01-18 12:00:00', '2026-01-19 21:00:00'),
  (8, 19, 'UI still needs better inventory sorting options.', 2, '2026-03-16 12:00:00', '2026-03-17 16:00:00'),
  (33, 10, 'Matchmaking times are way better after the server update.', 1, '2025-12-24 12:00:00', '2025-12-25 02:00:00'),
  (29, 23, 'Gameplay loop feels very polished this season.', 4, '2026-04-13 12:00:00', '2026-04-14 13:00:00'),
  (33, 24, 'Audio design is top-tier, especially the ambient tracks.', 4, '2026-04-09 12:00:00', '2026-04-10 11:00:00'),
  (15, 2, 'Story DLC was worth every penny.', 1, '2026-01-02 12:00:00', '2026-01-04 09:00:00'),
  (22, 10, 'Co-op mode had occasional desync issues on cross-play.', 1, '2026-03-14 12:00:00', '2026-03-15 18:00:00'),
  (9, 31, 'Netcode improvements really show in ranked matches.', 5, '2026-04-19 12:00:00', '2026-04-19 17:00:00'),
  (2, 17, 'Love the new map — great level design.', 2, '2026-02-08 12:00:00', '2026-02-10 10:00:00'),
  (39, 34, 'Matchmaking times are way better after the server update.', 1, '2026-01-10 12:00:00', '2026-01-11 06:00:00'),
  (16, 20, 'Performance was rock-solid during my last session.', 1, '2026-03-20 12:00:00', '2026-03-21 14:00:00'),
  (40, 30, 'UI still needs better inventory sorting options.', 1, '2026-01-02 12:00:00', '2026-01-03 19:00:00'),
  (39, 35, 'Gameplay loop feels very polished this season.', 5, '2026-02-05 12:00:00', '2026-02-06 03:00:00'),
  (10, 19, 'Matchmaking times are way better after the server update.', 1, '2026-01-31 12:00:00', '2026-02-01 10:00:00'),
  (16, 37, 'Matchmaking times are way better after the server update.', 2, '2026-01-24 12:00:00', '2026-01-26 06:00:00'),
  (6, 34, 'Frame rate drops on older hardware during boss fights.', 1, '2026-02-11 12:00:00', '2026-02-12 22:00:00'),
  (33, 33, 'Loading times improved dramatically with the latest hotfix.', 1, '2026-03-01 12:00:00', '2026-03-02 18:00:00'),
  (3, 25, 'Frame rate drops on older hardware during boss fights.', 3, '2026-01-14 12:00:00', '2026-01-14 13:00:00'),
  (23, 5, 'Frame rate drops on older hardware during boss fights.', 2, '2026-01-16 12:00:00', '2026-01-18 06:00:00'),
  (7, 38, 'Story DLC was worth every penny.', 2, '2026-04-14 12:00:00', '2026-04-15 10:00:00'),
  (35, 22, 'Difficulty curve feels well-balanced overall.', 4, '2026-01-20 12:00:00', '2026-01-21 18:00:00'),
  (12, 9, 'UI still needs better inventory sorting options.', 4, '2026-04-15 12:00:00', '2026-04-16 06:00:00'),
  (13, 3, 'Love the new map — great level design.', 1, '2026-03-10 12:00:00', '2026-03-11 07:00:00'),
  (33, 26, 'Loading times improved dramatically with the latest hotfix.', 4, '2026-03-18 12:00:00', '2026-03-18 14:00:00'),
  (13, 19, 'Frame rate drops on older hardware during boss fights.', 1, '2025-12-30 12:00:00', '2026-01-01 05:00:00'),
  (22, 18, 'Performance was rock-solid during my last session.', 3, '2026-02-23 12:00:00', '2026-02-24 13:00:00'),
  (29, 25, 'Story DLC was worth every penny.', 2, '2026-02-15 12:00:00', '2026-02-17 08:00:00'),
  (32, 24, 'End-game content keeps me coming back every week.', 3, '2026-01-07 12:00:00', '2026-01-07 17:00:00'),
  (28, 6, 'Matchmaking times are way better after the server update.', 5, '2026-01-04 12:00:00', '2026-01-04 23:00:00'),
  (35, 19, 'Story DLC was worth every penny.', 1, '2026-04-09 12:00:00', '2026-04-10 08:00:00'),
  (19, 20, 'Netcode improvements really show in ranked matches.', 5, '2026-01-18 12:00:00', '2026-01-19 15:00:00'),
  (11, 29, 'Frame rate drops on older hardware during boss fights.', 4, '2026-04-14 12:00:00', '2026-04-16 10:00:00'),
  (23, 40, 'Matchmaking times are way better after the server update.', 3, '2026-01-28 12:00:00', '2026-01-28 15:00:00'),
  (5, 26, 'Frame rate drops on older hardware during boss fights.', 5, '2026-01-07 12:00:00', '2026-01-09 11:00:00'),
  (11, 2, 'Co-op mode had occasional desync issues on cross-play.', 5, '2026-01-23 12:00:00', '2026-01-24 16:00:00'),
  (3, 9, 'UI still needs better inventory sorting options.', 2, '2026-01-10 12:00:00', '2026-01-12 05:00:00'),
  (24, 24, 'Crafting system is surprisingly deep once you get into it.', 5, '2026-04-15 12:00:00', '2026-04-17 02:00:00'),
  (10, 29, 'Frame rate drops on older hardware during boss fights.', 3, '2026-02-22 12:00:00', '2026-02-24 12:00:00'),
  (5, 37, 'Co-op mode had occasional desync issues on cross-play.', 5, '2026-03-04 12:00:00', '2026-03-05 13:00:00'),
  (21, 18, 'Audio design is top-tier, especially the ambient tracks.', 1, '2026-04-16 12:00:00', '2026-04-18 11:00:00'),
  (12, 32, 'End-game content keeps me coming back every week.', 4, '2025-12-24 12:00:00', '2025-12-25 23:00:00'),
  (8, 17, 'Progression system feels rewarding without being grindy.', 4, '2026-03-23 12:00:00', '2026-03-25 03:00:00'),
  (19, 32, 'Love the new map — great level design.', 1, '2026-04-02 12:00:00', '2026-04-02 16:00:00'),
  (29, 12, 'Netcode improvements really show in ranked matches.', 1, '2026-01-06 12:00:00', '2026-01-08 07:00:00'),
  (21, 23, 'UI still needs better inventory sorting options.', 5, '2026-02-09 12:00:00', '2026-02-10 06:00:00'),
  (20, 11, 'Difficulty curve feels well-balanced overall.', 3, '2026-02-13 12:00:00', '2026-02-14 02:00:00'),
  (8, 13, 'Co-op mode had occasional desync issues on cross-play.', 2, '2026-01-08 12:00:00', '2026-01-09 19:00:00'),
  (2, 24, 'Loading times improved dramatically with the latest hotfix.', 5, '2026-03-03 12:00:00', '2026-03-04 17:00:00'),
  (36, 9, 'Voice acting quality is excellent for an indie title.', 1, '2026-04-11 12:00:00', '2026-04-12 07:00:00'),
  (26, 31, 'End-game content keeps me coming back every week.', 4, '2026-01-11 12:00:00', '2026-01-12 14:00:00'),
  (37, 5, 'Co-op mode had occasional desync issues on cross-play.', 3, '2026-01-27 12:00:00', '2026-01-27 16:00:00'),
  (29, 30, 'End-game content keeps me coming back every week.', 3, '2026-04-03 12:00:00', '2026-04-04 23:00:00'),
  (38, 12, 'Co-op mode had occasional desync issues on cross-play.', 4, '2026-02-14 12:00:00', '2026-02-14 15:00:00'),
  (8, 34, 'Co-op mode had occasional desync issues on cross-play.', 3, '2026-03-29 12:00:00', '2026-03-29 22:00:00'),
  (21, 15, 'Frame rate drops on older hardware during boss fights.', 5, '2025-12-26 12:00:00', '2025-12-27 06:00:00'),
  (6, 17, 'Love the new map — great level design.', 5, '2026-03-15 12:00:00', '2026-03-15 20:00:00'),
  (20, 40, 'Loading times improved dramatically with the latest hotfix.', 1, '2026-02-14 12:00:00', '2026-02-16 05:00:00'),
  (11, 38, 'The community events this month were really fun.', 2, '2026-03-29 12:00:00', '2026-03-31 06:00:00'),
  (40, 39, 'Story DLC was worth every penny.', 5, '2026-04-14 12:00:00', '2026-04-14 13:00:00');

-- forum_threads
INSERT INTO forum_threads (game_id, title, thread_text, created_by_user_id, created_at, updated_at) VALUES
  (6, 'Patch 5.3 Notes — What Changed?', 'Minute rate college especially environmental certainly cold. Inside machine baby edge east. Many pattern leader career according how success here.', 14, '2026-01-30 12:00:00', '2026-01-30 15:00:00'),
  (32, 'Community Highlight Reel Thread', 'Friend spring teacher wind carry fly. Look concern huge five same. Whose site for exactly skill half usually. Or nation race nearly well.', 39, '2026-02-17 12:00:00', '2026-02-18 19:00:00'),
  (26, 'Bug Report Megathread (v8.1)', 'Just fact realize standard somebody. Pull cause field education child institution. Available wrong look husband media turn. Myself so growth time Mr point.', 8, '2026-03-30 12:00:00', '2026-04-01 20:00:00'),
  (27, 'Weekend Event Impressions', 'Shoulder price great positive. None population position.', 38, '2026-04-01 12:00:00', '2026-04-03 04:00:00'),
  (21, 'Controller vs. M&KB Debate', 'Black better develop section newspaper reach. Knowledge hospital sign open matter. Young lot far turn beat story. Give gas six miss.', 8, '2026-02-13 12:00:00', '2026-02-16 11:00:00'),
  (7, 'New Player Tips & Tricks', 'Best reveal laugh attack and represent against. Possible quality clearly worker during company. Former interview left something. Continue policy it ahead pass culture or home.', 35, '2026-02-21 12:00:00', '2026-02-22 19:00:00'),
  (10, 'Best Builds for Season 1.4', 'Everything region somebody officer son. Cost for leader energy television month police. Home hotel box goal leader common purpose song.', 39, '2026-02-25 12:00:00', '2026-02-26 19:00:00'),
  (11, 'New Player Tips & Tricks', 'Be care brother figure consumer really memory industry. Offer institution main Mr. Never majority cell fire. People tend weight machine crime himself no. Important man report kitchen cold not somebody.', 24, '2026-02-13 12:00:00', '2026-02-15 23:00:00'),
  (32, 'Bug Report Megathread (v8.0)', 'Allow different eye sit not. Near both box simple statement happen state. Service kid despite.', 11, '2026-02-14 12:00:00', '2026-02-16 22:00:00'),
  (16, 'Meta Discussion: Current Tier List', 'Save president easy themselves. Last give stage. Tend bring speech decide scene ready. Plan coach cause deal deal arrive go exactly.', 37, '2026-02-15 12:00:00', '2026-02-18 00:00:00'),
  (19, 'Balancing Discussion: Support Too Strong?', 'Food region eye environment. World quickly believe while size try yeah. Reduce car chair focus. Seven put majority officer environmental. Heart away some shoulder idea seek.', 18, '2026-03-17 12:00:00', '2026-03-19 10:00:00'),
  (26, 'New Player Tips & Tricks', 'Wear force able similar run room learn. Sure somebody huge why station manager. Stock front official not magazine gas. Animal phone student.', 33, '2026-02-07 12:00:00', '2026-02-08 12:00:00'),
  (24, 'Balancing Discussion: Support Too Strong?', 'Upon citizen lead yeah. Dark read car practice city usually.', 25, '2026-02-21 12:00:00', '2026-02-24 10:00:00'),
  (18, 'Performance Optimization Guide', 'Pressure economy head tough. Appear personal rise sense. Pretty region ability live car difficult.', 11, '2026-03-03 12:00:00', '2026-03-05 07:00:00'),
  (36, 'New Player Tips & Tricks', 'Account gas building. Really local director become south billion. Thing case similar send card year. Attention none particular clearly.', 26, '2026-02-27 12:00:00', '2026-03-02 04:00:00'),
  (3, 'Patch 1.2 Notes — What Changed?', 'Physical character in rather team. To cause but role. White fire cause everybody base network. Return expect wait agree suggest then day parent.', 3, '2026-02-18 12:00:00', '2026-02-21 06:00:00'),
  (30, 'Ranked Mode Feedback Thread', 'Far approach today west manager both. Point audience thousand activity guess first hit. Inside national common likely would authority onto.', 39, '2026-03-10 12:00:00', '2026-03-11 08:00:00'),
  (26, 'Performance Optimization Guide', 'Democratic two we huge expert. Short interest I policy Mrs check base.', 25, '2026-02-13 12:00:00', '2026-02-16 08:00:00'),
  (32, 'Controller vs. M&KB Debate', 'Tv window choice force only shake power. Financial join well draw.', 8, '2026-03-08 12:00:00', '2026-03-09 02:00:00'),
  (27, 'Performance Optimization Guide', 'Under break partner area. Budget remain reduce clearly. Mission situation result cold camera sit.', 21, '2026-03-17 12:00:00', '2026-03-18 17:00:00'),
  (4, 'Performance Optimization Guide', 'Sign ahead southern evening. Enjoy window physical many. Growth matter note happy effort bill off.', 40, '2026-03-02 12:00:00', '2026-03-03 06:00:00'),
  (16, 'Patch 2.3 Notes — What Changed?', 'Scientist able teach activity animal. Him change use tax need trial.', 17, '2026-03-10 12:00:00', '2026-03-12 17:00:00'),
  (10, 'Suggestions for Next Update', 'Focus indicate result even back. Budget pull apply development middle animal. Attention let executive suddenly force network. Hard factor six.', 39, '2026-02-18 12:00:00', '2026-02-18 19:00:00'),
  (9, 'Balancing Discussion: Tank Too Strong?', 'Less option management significant crime. Set early according improve do get style. Week ability price. Billion morning draw man art. Republican behavior TV today.', 22, '2026-02-11 12:00:00', '2026-02-13 12:00:00'),
  (21, 'Ranked Mode Feedback Thread', 'Red head window be believe card. Avoid nothing itself who door end. Unit hotel story for laugh do. Carry show board black last. Image movie who debate final enter.', 30, '2026-03-05 12:00:00', '2026-03-06 21:00:00'),
  (40, 'Weekend Event Impressions', 'Citizen rather step recent. Democrat task chance. Why how any federal star.', 32, '2026-03-12 12:00:00', '2026-03-13 16:00:00'),
  (20, 'Bug Report Megathread (v4.7)', 'Weight take new. Economic left sound cause activity store work. Cup hundred rather visit.', 22, '2026-03-06 12:00:00', '2026-03-09 11:00:00'),
  (18, 'Bug Report Megathread (v2.9)', 'Only true avoid young cup position speak begin. Business walk anything under item right.', 30, '2026-03-02 12:00:00', '2026-03-04 14:00:00'),
  (23, 'Ranked Mode Feedback Thread', 'Him interview government. Every land chance pass. Early far include nearly article evidence case current. Eat yes myself affect him require look.', 11, '2026-03-06 12:00:00', '2026-03-08 20:00:00'),
  (17, 'Controller vs. M&KB Debate', 'Tree maybe home conference five despite. Around yard morning short yourself. Beyond prevent entire staff. Shake way offer work.', 29, '2026-03-16 12:00:00', '2026-03-19 11:00:00'),
  (18, 'Ranked Mode Feedback Thread', 'Very yard community door fish scene. Trial agreement red way nor none. Student special wife my compare. Bed discussion despite.', 36, '2026-03-20 12:00:00', '2026-03-21 19:00:00'),
  (4, 'Community Highlight Reel Thread', 'A truth cut candidate response try such. Arrive challenge relate center book money. Whether health walk how big few. Wish run join police. Power company why really up skin development.', 30, '2026-04-13 12:00:00', '2026-04-14 00:00:00'),
  (27, 'New Player Tips & Tricks', 'Her safe family concern. We we hot. Allow own TV whose determine not view. Former back get floor. Start prove role from.', 18, '2026-04-19 12:00:00', '2026-04-22 10:00:00'),
  (11, 'Suggestions for Next Update', 'Decide really go skin result. History run why.', 26, '2026-03-14 12:00:00', '2026-03-16 05:00:00'),
  (19, 'Community Highlight Reel Thread', 'Think goal heart stock small official serve. Class available suffer far five. Avoid color heart rule. Walk within full world throw relate issue.', 34, '2026-03-21 12:00:00', '2026-03-24 08:00:00'),
  (3, 'Ranked Mode Feedback Thread', 'Threat church big day couple recent reveal role. Produce father benefit hotel near. Child guess into far product outside current.', 11, '2026-02-15 12:00:00', '2026-02-16 11:00:00'),
  (19, 'Patch 1.4 Notes — What Changed?', 'Color factor bank such final. Likely thus enter politics hold he.', 38, '2026-04-06 12:00:00', '2026-04-08 06:00:00'),
  (19, 'Weekend Event Impressions', 'Cost and keep enjoy student nor. Sell property beat gas. Including series dinner article hit mission whole. Of dog federal house take alone number.', 18, '2026-02-14 12:00:00', '2026-02-16 23:00:00'),
  (18, 'Meta Discussion: Current Tier List', 'Quality per build serious common worker will. Call interest write itself young. Challenge organization floor road southern beautiful news need. Mind true actually red onto. Both change note old who beyond.', 19, '2026-01-27 12:00:00', '2026-01-28 20:00:00'),
  (12, 'Patch 6.4 Notes — What Changed?', 'Single size test they there enough pressure. Participant also every century participant really although.', 25, '2026-03-28 12:00:00', '2026-03-30 15:00:00'),
  (28, 'Balancing Discussion: Support Too Strong?', 'Any little environmental head full. Financial successful teach range win. Care wind kitchen stay especially. Painting become kid tree imagine machine.', 13, '2026-03-27 12:00:00', '2026-03-28 05:00:00'),
  (31, 'New Player Tips & Tricks', 'Start middle city find medical career. These ahead cover strategy student economic lead. Relate ever statement measure play buy. Drop major land. Only glass clear thus see read expect.', 10, '2026-03-20 12:00:00', '2026-03-22 21:00:00'),
  (18, 'New Player Tips & Tricks', 'Clear occur who. Positive question especially important after. Listen car community. Difference part wall.', 34, '2026-04-18 12:00:00', '2026-04-19 21:00:00'),
  (24, 'Controller vs. M&KB Debate', 'Time surface learn design few minute. However bill memory production successful hear positive participant. Range loss from everybody foot.', 16, '2026-02-19 12:00:00', '2026-02-21 03:00:00'),
  (11, 'Suggestions for Next Update', 'Prevent weight prepare could military. Tonight south sort outside produce. Return pretty young else.', 16, '2026-01-28 12:00:00', '2026-01-30 01:00:00'),
  (24, 'Performance Optimization Guide', 'Home along remain occur couple risk. Rather point little wait grow. Suddenly subject theory Congress best. Scientist rise next tree.', 22, '2026-03-31 12:00:00', '2026-04-02 22:00:00'),
  (39, 'New Player Tips & Tricks', 'Develop development the inside. He one less brother approach plant. Want author threat matter test high fear approach. Case customer important notice.', 29, '2026-01-24 12:00:00', '2026-01-25 15:00:00'),
  (16, 'Community Highlight Reel Thread', 'First resource single maintain. Would finish around later decide similar office citizen. Can its investment investment. Himself also current health add focus street.', 28, '2026-03-04 12:00:00', '2026-03-04 21:00:00'),
  (37, 'Best Builds for Season 1.8', 'Quality phone eat. Fine bill me fill assume animal. Lay minute model its rather.', 26, '2026-02-05 12:00:00', '2026-02-08 08:00:00'),
  (10, 'Ranked Mode Feedback Thread', 'You majority seek close trade speech. Direction road capital. Operation college hand.', 15, '2026-01-22 12:00:00', '2026-01-23 14:00:00'),
  (38, 'Weekend Event Impressions', 'Theory eight movement any yes product. Answer break know.', 8, '2026-02-20 12:00:00', '2026-02-21 04:00:00'),
  (33, 'Suggestions for Next Update', 'Education reduce day rate act inside big. Establish paper case store bit responsibility brother. Size marriage participant sing.', 32, '2026-02-19 12:00:00', '2026-02-21 03:00:00'),
  (2, 'Suggestions for Next Update', 'Group important civil nature travel. Former able public trade structure protect chance. Single avoid rich toward. Lead with enough anyone spend. System growth quality.', 28, '2026-02-04 12:00:00', '2026-02-04 21:00:00'),
  (3, 'Suggestions for Next Update', 'Believe serve animal system. Forget thus western environmental. Head garden box hundred. Even history surface son power someone both.', 8, '2026-04-11 12:00:00', '2026-04-14 00:00:00'),
  (3, 'Bug Report Megathread (v7.2)', 'Billion treat lot notice. Consider here grow agreement range stuff.', 14, '2026-03-03 12:00:00', '2026-03-05 12:00:00'),
  (29, 'Suggestions for Next Update', 'Turn both in animal energy fire relate. Should office north within prove full mission. Believe product eat generation put his stuff next.', 30, '2026-04-02 12:00:00', '2026-04-04 08:00:00'),
  (8, 'Ranked Mode Feedback Thread', 'Activity various measure. System thank avoid man drive wife anyone. Nearly her stage bad know. Large task language budget market president bill. Along near stay social white point.', 17, '2026-03-22 12:00:00', '2026-03-22 12:00:00'),
  (2, 'Bug Report Megathread (v8.8)', 'Deal public wear guy approach development lawyer. Should outside respond guy laugh best probably. Game stop who. Natural hear blood to manage. Blood particularly could us hotel lead.', 29, '2026-03-02 12:00:00', '2026-03-03 17:00:00'),
  (16, 'Weekend Event Impressions', 'Blue increase unit study open sign. Leader operation mean white above save network. Stuff lot meet TV concern official.', 25, '2026-04-05 12:00:00', '2026-04-05 16:00:00'),
  (27, 'Performance Optimization Guide', 'Hold over third mean. Industry participant realize eat huge garden. Laugh card include record security.', 9, '2026-04-07 12:00:00', '2026-04-07 16:00:00');

-- forum_thread_contributions
INSERT INTO forum_thread_contributions (forum_id, contributed_by_user_id, contribution_text, created_at) VALUES
  (29, 37, 'Team Republican very plan cut person fact.', '2026-03-07 12:00:00'),
  (46, 7, 'Wonder practice when mean. Report set no old wall report.', '2026-04-04 12:00:00'),
  (48, 6, 'There institution actually blood herself. Prove customer seek.', '2026-03-25 12:00:00'),
  (29, 30, 'Raise chair artist six daughter.', '2026-03-16 12:00:00'),
  (14, 8, 'Grow laugh pattern. Ten score night down six sometimes explain.', '2026-04-11 12:00:00'),
  (33, 38, 'Hold what wish fine need actually.', '2026-04-05 12:00:00'),
  (53, 34, 'Per sit thank stop treatment.', '2026-03-30 12:00:00'),
  (37, 37, 'National owner simply who family concern radio cost. Same budget American evidence.', '2026-03-01 12:00:00'),
  (44, 2, 'Claim suffer accept letter.', '2026-04-04 12:00:00'),
  (20, 19, 'Child follow anything.', '2026-03-08 12:00:00'),
  (34, 29, 'Successful feeling so nearly authority remain moment whatever. Attention measure indeed Mr begin determine degree.', '2026-03-24 12:00:00'),
  (20, 36, 'Guess despite sell most you statement. Boy generation drive.', '2026-04-16 12:00:00'),
  (36, 36, 'During always those high someone box either rich. Treat state heart.', '2026-02-22 12:00:00'),
  (48, 23, 'Main fast prepare fly bank benefit will. Mouth phone decision picture defense rate structure.', '2026-03-10 12:00:00'),
  (44, 15, 'Stock these scientist itself stage authority rather.', '2026-03-15 12:00:00'),
  (32, 7, 'Response also available concern edge audience start.', '2026-03-28 12:00:00'),
  (42, 9, 'Hold picture item admit pull movement.', '2026-02-28 12:00:00'),
  (34, 1, 'Series one red authority. Blood skin feeling beat she join house.', '2026-03-06 12:00:00'),
  (27, 13, 'Choose detail section someone support far plant.', '2026-04-10 12:00:00'),
  (20, 9, 'Whatever action themselves center among of.', '2026-04-08 12:00:00'),
  (49, 29, 'Natural be decide scientist rise deep town. Central contain pattern education boy provide note.', '2026-03-20 12:00:00'),
  (16, 29, 'Leave near fact attack better rise maintain.', '2026-03-31 12:00:00'),
  (55, 19, 'Campaign pretty beyond people too fish. Foreign process really charge note space when.', '2026-02-27 12:00:00'),
  (30, 8, 'Finish size Republican.', '2026-03-15 12:00:00'),
  (27, 14, 'Style care run there leg. Simple main board population bank exactly.', '2026-03-15 12:00:00'),
  (34, 18, 'Cultural safe phone road throughout support place.', '2026-03-26 12:00:00'),
  (16, 33, 'If operation trade necessary myself your line simple. Hotel through operation tax card may.', '2026-04-06 12:00:00'),
  (22, 11, 'Hair action draw who word range.', '2026-02-19 12:00:00'),
  (29, 8, 'Land condition we process. Save low grow despite.', '2026-04-14 12:00:00'),
  (35, 25, 'As hard amount deal traditional. Hold truth thing always possible billion.', '2026-04-16 12:00:00'),
  (18, 9, 'Strong enjoy name community president. Onto together back edge win development.', '2026-03-07 12:00:00'),
  (39, 38, 'Stage generation society thought according think. Close baby poor deep cost gun.', '2026-04-17 12:00:00'),
  (56, 10, 'Increase form box push look.', '2026-04-07 12:00:00'),
  (52, 36, 'Positive improve during campaign. Claim picture always occur argue election conference when.', '2026-03-04 12:00:00'),
  (43, 32, 'Point these road start water describe paper. Test color store over some star consider.', '2026-04-06 12:00:00'),
  (31, 27, 'Cold rate two others attention. History board dark teacher mean information.', '2026-02-23 12:00:00'),
  (59, 3, 'Benefit live pass although six me brother lot.', '2026-03-31 12:00:00'),
  (59, 2, 'Much ability visit question issue inside themselves recently.', '2026-04-06 12:00:00'),
  (60, 25, 'Voice lot shoulder go source. Best care local discussion teacher exist theory.', '2026-03-03 12:00:00'),
  (8, 22, 'Country remember smile official brother. Heart day sound.', '2026-02-20 12:00:00'),
  (16, 38, 'Blood international one end movie north. Every quite sense including six lot have never.', '2026-03-05 12:00:00'),
  (14, 11, 'Officer similar huge catch tell.', '2026-02-20 12:00:00'),
  (16, 31, 'Land record class Democrat hundred.', '2026-03-30 12:00:00'),
  (50, 37, 'Pass range appear home player source statement. Unit itself ask develop bag also his.', '2026-03-26 12:00:00'),
  (30, 29, 'Prevent expert white arm similar compare manager action. Experience almost outside middle discuss college already.', '2026-03-09 12:00:00'),
  (23, 40, 'Wish beautiful every.', '2026-04-03 12:00:00'),
  (24, 26, 'Prove if customer address region try. Expect stop trip give white everybody paper.', '2026-02-22 12:00:00'),
  (32, 20, 'Upon offer end imagine blood authority family.', '2026-04-13 12:00:00'),
  (52, 21, 'What then spend offer reason whom none.', '2026-03-02 12:00:00'),
  (54, 1, 'Which learn leave only agree break.', '2026-02-20 12:00:00'),
  (14, 8, 'Plant yes quality discover firm western.', '2026-03-30 12:00:00'),
  (27, 6, 'Act strategy eat behavior purpose start away. Live government thus especially.', '2026-03-14 12:00:00'),
  (56, 29, 'Say dog drug enter director strong student.', '2026-03-03 12:00:00'),
  (10, 3, 'Single build bad what. Pass share must amount lot per manage.', '2026-04-03 12:00:00'),
  (36, 35, 'Make worker trouble exactly develop. Campaign moment institution vote allow girl team.', '2026-03-13 12:00:00'),
  (47, 14, 'With recently least ready activity decision ok.', '2026-04-01 12:00:00'),
  (10, 26, 'Party employee nature down likely party. Contain interest industry sell half hundred.', '2026-03-29 12:00:00'),
  (15, 9, 'Number without rather sport. Sound new task cultural son.', '2026-03-14 12:00:00'),
  (54, 32, 'South computer matter yet support military result.', '2026-03-19 12:00:00'),
  (36, 4, 'Economy teach answer between clear. Sport live picture last free.', '2026-04-03 12:00:00'),
  (49, 23, 'Night use election after building test. Current office power company sister great pull maintain.', '2026-03-04 12:00:00'),
  (42, 23, 'High expert place certain. Political up instead partner.', '2026-03-21 12:00:00'),
  (11, 6, 'Bad gas finish president. Painting house thought sit voice.', '2026-04-09 12:00:00'),
  (9, 30, 'Whole including contain age road product wait. Decision however believe view.', '2026-03-19 12:00:00'),
  (12, 30, 'Approach side model you billion peace base. Finally easy exist phone capital stuff.', '2026-03-09 12:00:00'),
  (4, 28, 'Professional team foot.', '2026-04-17 12:00:00'),
  (54, 10, 'Window music evening know wide recently computer. Lead see theory itself policy move training loss.', '2026-02-26 12:00:00'),
  (43, 7, 'Kind hand employee field.', '2026-03-02 12:00:00'),
  (1, 13, 'Spring summer gas light across two water.', '2026-04-11 12:00:00'),
  (54, 30, 'Across involve fall discuss account. Country think join economic resource position.', '2026-04-15 12:00:00');

-- user_follows
INSERT INTO user_follows (follower_user_id, followed_user_id, followed_at) VALUES
  (1, 2, '2026-02-12 12:00:00'),
  (1, 7, '2026-02-22 12:00:00'),
  (1, 19, '2025-12-10 12:00:00'),
  (1, 35, '2025-10-10 12:00:00'),
  (2, 14, '2025-12-08 12:00:00'),
  (2, 18, '2025-11-28 12:00:00'),
  (2, 33, '2025-11-22 12:00:00'),
  (3, 5, '2025-10-25 12:00:00'),
  (3, 15, '2025-11-23 12:00:00'),
  (3, 24, '2026-02-22 12:00:00'),
  (3, 37, '2025-12-26 12:00:00'),
  (4, 1, '2026-01-14 12:00:00'),
  (4, 40, '2026-01-09 12:00:00'),
  (5, 6, '2025-12-22 12:00:00'),
  (5, 11, '2025-10-04 12:00:00'),
  (5, 27, '2025-10-28 12:00:00'),
  (5, 29, '2025-11-20 12:00:00'),
  (6, 1, '2025-10-25 12:00:00'),
  (6, 3, '2025-12-12 12:00:00'),
  (6, 7, '2026-03-12 12:00:00'),
  (6, 12, '2026-01-21 12:00:00'),
  (6, 23, '2026-04-13 12:00:00'),
  (6, 24, '2025-12-17 12:00:00'),
  (6, 26, '2026-03-24 12:00:00'),
  (6, 33, '2026-02-03 12:00:00'),
  (6, 36, '2026-01-03 12:00:00'),
  (6, 40, '2026-03-29 12:00:00'),
  (7, 2, '2026-03-21 12:00:00'),
  (7, 9, '2025-10-15 12:00:00'),
  (7, 28, '2026-03-14 12:00:00'),
  (7, 34, '2026-01-20 12:00:00'),
  (8, 37, '2026-01-30 12:00:00'),
  (9, 18, '2026-01-22 12:00:00'),
  (10, 1, '2025-12-24 12:00:00'),
  (11, 6, '2026-02-26 12:00:00'),
  (11, 40, '2025-12-07 12:00:00'),
  (12, 21, '2025-12-17 12:00:00'),
  (12, 26, '2026-01-20 12:00:00'),
  (13, 30, '2025-12-19 12:00:00'),
  (13, 38, '2026-03-26 12:00:00'),
  (14, 33, '2025-12-28 12:00:00'),
  (14, 37, '2025-10-17 12:00:00'),
  (15, 5, '2025-10-23 12:00:00'),
  (15, 20, '2025-12-25 12:00:00'),
  (15, 23, '2026-01-28 12:00:00'),
  (16, 13, '2026-04-02 12:00:00'),
  (16, 21, '2026-02-02 12:00:00'),
  (16, 23, '2026-04-08 12:00:00'),
  (16, 32, '2025-10-20 12:00:00'),
  (16, 37, '2026-03-21 12:00:00'),
  (17, 10, '2026-04-14 12:00:00'),
  (17, 23, '2026-01-22 12:00:00'),
  (18, 10, '2025-11-05 12:00:00'),
  (18, 26, '2026-03-23 12:00:00'),
  (18, 35, '2025-10-28 12:00:00'),
  (19, 16, '2026-03-08 12:00:00'),
  (20, 1, '2025-10-12 12:00:00'),
  (20, 11, '2026-02-16 12:00:00'),
  (20, 16, '2025-12-08 12:00:00'),
  (20, 18, '2026-03-06 12:00:00'),
  (20, 21, '2025-11-29 12:00:00'),
  (20, 29, '2026-03-10 12:00:00'),
  (21, 19, '2026-01-25 12:00:00'),
  (21, 25, '2025-11-27 12:00:00'),
  (22, 28, '2025-12-31 12:00:00'),
  (22, 29, '2025-12-22 12:00:00'),
  (22, 37, '2026-02-19 12:00:00'),
  (22, 39, '2026-01-06 12:00:00'),
  (23, 4, '2025-11-09 12:00:00'),
  (24, 7, '2026-03-03 12:00:00'),
  (24, 17, '2026-03-03 12:00:00'),
  (24, 18, '2025-11-07 12:00:00'),
  (25, 9, '2025-11-02 12:00:00'),
  (25, 10, '2025-12-30 12:00:00'),
  (25, 11, '2026-01-08 12:00:00'),
  (25, 18, '2026-04-12 12:00:00'),
  (25, 21, '2025-10-13 12:00:00'),
  (26, 5, '2025-11-13 12:00:00'),
  (26, 21, '2026-02-28 12:00:00'),
  (26, 22, '2025-12-25 12:00:00'),
  (26, 24, '2025-11-19 12:00:00'),
  (26, 30, '2025-12-31 12:00:00'),
  (27, 20, '2026-01-10 12:00:00'),
  (27, 25, '2026-04-18 12:00:00'),
  (27, 35, '2025-10-21 12:00:00'),
  (28, 7, '2026-02-24 12:00:00'),
  (28, 12, '2026-02-26 12:00:00'),
  (28, 18, '2026-02-07 12:00:00'),
  (28, 25, '2025-10-09 12:00:00'),
  (28, 29, '2025-10-21 12:00:00'),
  (29, 19, '2026-04-03 12:00:00'),
  (29, 32, '2025-11-23 12:00:00'),
  (30, 14, '2026-03-24 12:00:00'),
  (30, 24, '2025-12-03 12:00:00'),
  (31, 5, '2026-03-03 12:00:00'),
  (31, 18, '2026-01-16 12:00:00'),
  (31, 21, '2026-01-26 12:00:00'),
  (32, 2, '2026-02-28 12:00:00'),
  (32, 9, '2025-12-23 12:00:00'),
  (32, 10, '2026-03-21 12:00:00'),
  (32, 28, '2026-02-11 12:00:00'),
  (32, 37, '2025-10-30 12:00:00'),
  (33, 27, '2025-12-15 12:00:00'),
  (34, 10, '2025-12-05 12:00:00'),
  (34, 11, '2025-11-07 12:00:00'),
  (34, 18, '2026-01-29 12:00:00'),
  (35, 12, '2025-11-18 12:00:00'),
  (35, 19, '2026-01-10 12:00:00'),
  (35, 22, '2025-11-14 12:00:00'),
  (35, 33, '2026-01-09 12:00:00'),
  (35, 39, '2025-11-20 12:00:00'),
  (36, 2, '2026-03-21 12:00:00'),
  (36, 6, '2026-01-20 12:00:00'),
  (36, 25, '2026-01-19 12:00:00'),
  (36, 27, '2025-12-23 12:00:00'),
  (36, 31, '2025-11-12 12:00:00'),
  (37, 3, '2026-03-06 12:00:00'),
  (37, 16, '2025-10-29 12:00:00'),
  (37, 25, '2025-10-21 12:00:00'),
  (38, 10, '2026-02-02 12:00:00'),
  (38, 25, '2025-11-13 12:00:00'),
  (38, 26, '2025-11-19 12:00:00'),
  (39, 9, '2026-03-29 12:00:00'),
  (39, 13, '2025-10-29 12:00:00'),
  (39, 31, '2026-03-16 12:00:00'),
  (39, 40, '2026-01-29 12:00:00'),
  (40, 25, '2026-03-20 12:00:00'),
  (40, 31, '2026-02-17 12:00:00'),
  (40, 34, '2026-01-31 12:00:00'),
  (40, 39, '2026-03-21 12:00:00');

-- favorites
INSERT INTO favorites (player_user_id, game_id, priority, added_at) VALUES
  (1, 6, 1, '2026-01-30 12:00:00'),
  (1, 14, 4, '2026-02-17 12:00:00'),
  (1, 17, 1, '2026-02-16 12:00:00'),
  (1, 22, 1, '2025-12-29 12:00:00'),
  (1, 28, 1, '2025-12-24 12:00:00'),
  (1, 32, 5, '2025-11-15 12:00:00'),
  (1, 40, 1, '2026-01-30 12:00:00'),
  (2, 15, 2, '2026-03-20 12:00:00'),
  (2, 20, 1, '2026-03-15 12:00:00'),
  (3, 7, 1, '2026-03-09 12:00:00'),
  (4, 18, 4, '2026-01-21 12:00:00'),
  (4, 23, 5, '2025-12-08 12:00:00'),
  (4, 26, 3, '2026-03-08 12:00:00'),
  (5, 2, 3, '2026-03-18 12:00:00'),
  (5, 6, 3, '2026-03-20 12:00:00'),
  (5, 15, 1, '2026-01-24 12:00:00'),
  (5, 35, 4, '2026-02-09 12:00:00'),
  (6, 7, 5, '2026-04-03 12:00:00'),
  (6, 20, 3, '2025-11-23 12:00:00'),
  (6, 24, 1, '2025-12-13 12:00:00'),
  (6, 33, 4, '2025-12-10 12:00:00'),
  (6, 35, 3, '2026-04-05 12:00:00'),
  (6, 37, 4, '2025-11-25 12:00:00'),
  (7, 7, 2, '2026-01-15 12:00:00'),
  (7, 9, 2, '2026-02-13 12:00:00'),
  (7, 16, 1, '2025-11-24 12:00:00'),
  (8, 11, 1, '2026-02-20 12:00:00'),
  (8, 18, 5, '2026-04-19 12:00:00'),
  (8, 28, 1, '2026-04-16 12:00:00'),
  (8, 37, 2, '2026-04-08 12:00:00'),
  (8, 38, 4, '2026-01-16 12:00:00'),
  (9, 9, 4, '2026-03-12 12:00:00'),
  (9, 13, 2, '2026-04-10 12:00:00'),
  (9, 14, 5, '2025-11-03 12:00:00'),
  (9, 16, 4, '2026-02-21 12:00:00'),
  (9, 25, 3, '2026-02-15 12:00:00'),
  (9, 27, 4, '2026-01-28 12:00:00'),
  (9, 31, 3, '2026-03-31 12:00:00'),
  (9, 38, 5, '2026-01-14 12:00:00'),
  (10, 5, 1, '2025-12-12 12:00:00'),
  (10, 18, 1, '2026-03-05 12:00:00'),
  (10, 27, 2, '2025-12-08 12:00:00'),
  (10, 33, 1, '2026-01-07 12:00:00'),
  (10, 37, 1, '2025-12-21 12:00:00'),
  (11, 4, 3, '2026-01-30 12:00:00'),
  (11, 21, 3, '2026-03-28 12:00:00'),
  (11, 29, 5, '2025-12-24 12:00:00'),
  (11, 30, 1, '2026-01-15 12:00:00'),
  (11, 32, 2, '2026-02-04 12:00:00'),
  (11, 40, 5, '2026-02-01 12:00:00'),
  (12, 21, 5, '2026-02-16 12:00:00'),
  (12, 24, 4, '2026-01-15 12:00:00'),
  (12, 31, 5, '2025-12-14 12:00:00'),
  (12, 36, 2, '2025-12-01 12:00:00'),
  (13, 9, 2, '2026-03-12 12:00:00'),
  (13, 26, 1, '2026-01-05 12:00:00'),
  (14, 3, 1, '2026-02-19 12:00:00'),
  (14, 4, 5, '2026-01-21 12:00:00'),
  (14, 6, 1, '2026-01-24 12:00:00'),
  (14, 10, 1, '2025-11-02 12:00:00'),
  (14, 28, 4, '2026-01-31 12:00:00'),
  (14, 34, 1, '2026-02-26 12:00:00'),
  (15, 28, 5, '2026-02-18 12:00:00'),
  (15, 34, 4, '2025-12-15 12:00:00'),
  (16, 10, 1, '2026-03-14 12:00:00'),
  (16, 14, 3, '2026-03-27 12:00:00'),
  (16, 32, 1, '2026-02-19 12:00:00'),
  (16, 36, 5, '2026-01-04 12:00:00'),
  (18, 6, 3, '2025-12-23 12:00:00'),
  (18, 15, 1, '2025-11-22 12:00:00'),
  (18, 24, 1, '2025-12-11 12:00:00'),
  (18, 27, 2, '2025-11-07 12:00:00'),
  (19, 3, 4, '2026-03-31 12:00:00'),
  (19, 4, 5, '2025-11-25 12:00:00'),
  (19, 9, 1, '2025-12-29 12:00:00'),
  (19, 19, 2, '2026-02-18 12:00:00'),
  (20, 3, 3, '2026-02-12 12:00:00'),
  (20, 9, 3, '2026-01-09 12:00:00'),
  (20, 11, 3, '2026-01-28 12:00:00'),
  (21, 16, 4, '2026-02-09 12:00:00'),
  (21, 19, 2, '2026-03-31 12:00:00'),
  (21, 24, 2, '2026-03-16 12:00:00'),
  (21, 38, 5, '2026-03-23 12:00:00'),
  (22, 4, 2, '2026-03-23 12:00:00'),
  (22, 36, 2, '2025-12-25 12:00:00'),
  (23, 6, 4, '2026-01-29 12:00:00'),
  (23, 14, 4, '2026-03-20 12:00:00'),
  (24, 17, 5, '2026-01-18 12:00:00'),
  (24, 21, 2, '2025-12-25 12:00:00'),
  (24, 35, 3, '2025-12-22 12:00:00'),
  (25, 6, 3, '2026-03-20 12:00:00'),
  (25, 8, 1, '2026-03-10 12:00:00'),
  (25, 9, 3, '2025-10-23 12:00:00'),
  (25, 23, 5, '2026-04-09 12:00:00'),
  (25, 27, 2, '2026-01-26 12:00:00'),
  (25, 29, 2, '2026-03-27 12:00:00'),
  (25, 36, 2, '2026-01-18 12:00:00'),
  (26, 14, 4, '2025-12-09 12:00:00'),
  (26, 20, 1, '2025-10-28 12:00:00'),
  (26, 32, 3, '2026-02-12 12:00:00'),
  (26, 33, 2, '2026-04-12 12:00:00'),
  (26, 38, 4, '2025-12-25 12:00:00'),
  (27, 29, 5, '2025-11-30 12:00:00'),
  (27, 32, 2, '2026-03-26 12:00:00'),
  (28, 12, 4, '2026-03-24 12:00:00'),
  (28, 14, 2, '2026-03-19 12:00:00'),
  (28, 21, 1, '2026-04-04 12:00:00'),
  (28, 26, 2, '2026-03-17 12:00:00'),
  (29, 1, 2, '2026-01-07 12:00:00'),
  (29, 8, 3, '2025-10-26 12:00:00'),
  (29, 17, 1, '2025-11-21 12:00:00'),
  (29, 30, 5, '2026-02-12 12:00:00'),
  (29, 35, 1, '2026-04-14 12:00:00'),
  (29, 40, 1, '2026-02-28 12:00:00'),
  (30, 2, 4, '2026-03-18 12:00:00'),
  (30, 23, 1, '2026-01-25 12:00:00'),
  (30, 32, 1, '2026-04-09 12:00:00'),
  (31, 5, 4, '2026-04-07 12:00:00'),
  (32, 11, 2, '2025-11-24 12:00:00'),
  (32, 18, 4, '2026-01-08 12:00:00'),
  (32, 35, 4, '2026-04-12 12:00:00'),
  (33, 7, 4, '2025-10-27 12:00:00'),
  (33, 19, 4, '2026-03-06 12:00:00'),
  (33, 27, 3, '2026-02-24 12:00:00'),
  (33, 32, 2, '2026-02-08 12:00:00'),
  (34, 1, 3, '2025-12-26 12:00:00'),
  (34, 37, 2, '2026-04-11 12:00:00'),
  (35, 3, 5, '2025-11-12 12:00:00'),
  (35, 18, 5, '2026-02-16 12:00:00'),
  (35, 19, 3, '2025-12-13 12:00:00'),
  (35, 21, 4, '2025-11-30 12:00:00'),
  (35, 24, 4, '2026-04-04 12:00:00'),
  (35, 40, 1, '2026-02-07 12:00:00'),
  (36, 33, 4, '2026-03-15 12:00:00'),
  (37, 9, 4, '2026-02-27 12:00:00'),
  (37, 18, 5, '2026-02-15 12:00:00'),
  (37, 23, 5, '2026-04-15 12:00:00'),
  (37, 25, 4, '2026-01-18 12:00:00'),
  (37, 27, 4, '2025-12-01 12:00:00'),
  (37, 32, 4, '2026-01-21 12:00:00'),
  (38, 5, 5, '2025-12-12 12:00:00'),
  (38, 23, 3, '2026-01-10 12:00:00'),
  (39, 5, 3, '2026-03-04 12:00:00'),
  (39, 9, 1, '2026-01-28 12:00:00'),
  (39, 19, 5, '2026-02-22 12:00:00'),
  (39, 33, 1, '2026-02-07 12:00:00'),
  (39, 35, 1, '2025-12-20 12:00:00'),
  (39, 39, 5, '2026-01-18 12:00:00'),
  (40, 28, 5, '2026-02-19 12:00:00'),
  (40, 29, 2, '2026-03-25 12:00:00');

-- recommendations
INSERT INTO recommendations (player_user_id, game_id, recommender_user_id, recommendation_reason, match_score, is_saved, recommendation_status, generated_at, refreshed_at) VALUES
  (1, 37, 7, 'Popular among players you follow.', 70.38, 0, 'new', '2026-04-15 12:00:00', '2026-04-17 00:00:00'),
  (2, 10, NULL, 'Popular among players you follow.', 70.20, 0, 'dismissed', '2026-03-05 12:00:00', '2026-03-05 14:00:00'),
  (2, 21, 11, 'Shares multiple tags with your favorite games.', 95.03, 1, 'new', '2026-04-06 12:00:00', '2026-04-07 01:00:00'),
  (2, 23, 36, 'Highly rated by the community this season.', 66.93, 0, 'new', '2026-04-16 12:00:00', '2026-04-17 14:00:00'),
  (2, 34, 32, 'Similar gameplay loop to your most-played title.', 57.45, 1, 'new', '2026-02-26 12:00:00', '2026-02-28 07:00:00'),
  (3, 6, 31, 'Trending this week in your region.', 59.36, 0, 'accepted', '2026-04-14 12:00:00', '2026-04-15 19:00:00'),
  (3, 12, NULL, 'Recommended based on recent forum activity.', 90.31, 0, 'dismissed', '2026-04-03 12:00:00', '2026-04-03 18:00:00'),
  (3, 19, 25, 'Similar gameplay loop to your most-played title.', 71.69, 0, 'new', '2026-04-17 12:00:00', '2026-04-18 05:00:00'),
  (4, 15, 17, 'Trending this week in your region.', 92.66, 0, 'new', '2026-03-06 12:00:00', '2026-03-08 07:00:00'),
  (4, 25, 23, 'Highly rated by the community this season.', 73.63, 0, 'new', '2026-04-16 12:00:00', '2026-04-17 13:00:00'),
  (6, 22, NULL, 'Strong co-op features — pairs well with your friend list.', 98.44, 0, 'hidden', '2026-03-14 12:00:00', '2026-03-15 04:00:00'),
  (7, 1, 6, 'Strong co-op features — pairs well with your friend list.', 95.62, 0, 'accepted', '2026-02-21 12:00:00', '2026-02-22 22:00:00'),
  (8, 34, NULL, 'Shares multiple tags with your favorite games.', 61.63, 0, 'new', '2026-04-09 12:00:00', '2026-04-10 02:00:00'),
  (9, 12, NULL, 'Similar gameplay loop to your most-played title.', 56.92, 1, 'accepted', '2026-04-07 12:00:00', '2026-04-09 05:00:00'),
  (10, 37, 39, 'Recommended based on recent forum activity.', 69.39, 0, 'dismissed', '2026-04-14 12:00:00', '2026-04-15 13:00:00'),
  (11, 27, 36, 'High retention rate among comparable player profiles.', 93.54, 0, 'hidden', '2026-04-19 12:00:00', '2026-04-21 09:00:00'),
  (11, 28, 34, 'Strong co-op features — pairs well with your friend list.', 60.06, 1, 'accepted', '2026-03-13 12:00:00', '2026-03-13 19:00:00'),
  (12, 16, NULL, 'Shares multiple tags with your favorite games.', 90.07, 0, 'dismissed', '2026-02-22 12:00:00', '2026-02-23 11:00:00'),
  (12, 25, NULL, 'Recommended based on recent forum activity.', 72.23, 0, 'accepted', '2026-04-17 12:00:00', '2026-04-18 00:00:00'),
  (12, 32, 10, 'Shares multiple tags with your favorite games.', 82.38, 0, 'new', '2026-02-22 12:00:00', '2026-02-23 10:00:00'),
  (12, 36, 4, 'New release from a studio you have favorited.', 96.43, 0, 'new', '2026-02-26 12:00:00', '2026-02-27 08:00:00'),
  (13, 9, 32, 'Popular among players you follow.', 98.75, 0, 'new', '2026-03-03 12:00:00', '2026-03-04 17:00:00'),
  (13, 32, NULL, 'High retention rate among comparable player profiles.', 67.12, 0, 'accepted', '2026-04-07 12:00:00', '2026-04-08 17:00:00'),
  (15, 11, 27, 'New release from a studio you have favorited.', 89.17, 0, 'dismissed', '2026-03-18 12:00:00', '2026-03-18 23:00:00'),
  (15, 38, 33, 'Strong co-op features — pairs well with your friend list.', 61.10, 0, 'dismissed', '2026-04-18 12:00:00', '2026-04-19 00:00:00'),
  (16, 5, 13, 'Matches your top-rated genre preferences.', 66.22, 0, 'hidden', '2026-03-05 12:00:00', '2026-03-06 01:00:00'),
  (16, 16, 30, 'Highly rated by the community this season.', 72.86, 0, 'accepted', '2026-04-04 12:00:00', '2026-04-05 12:00:00'),
  (16, 23, 29, 'Similar gameplay loop to your most-played title.', 98.21, 0, 'accepted', '2026-03-28 12:00:00', '2026-03-28 23:00:00'),
  (17, 14, NULL, 'Recommended based on recent forum activity.', 88.70, 0, 'new', '2026-03-26 12:00:00', '2026-03-26 16:00:00'),
  (18, 35, 37, 'Trending this week in your region.', 93.56, 0, 'accepted', '2026-04-02 12:00:00', '2026-04-04 06:00:00'),
  (20, 19, 2, 'Matches your top-rated genre preferences.', 76.33, 1, 'new', '2026-02-27 12:00:00', '2026-02-27 13:00:00'),
  (21, 4, 39, 'Recommended based on recent forum activity.', 87.07, 0, 'new', '2026-02-21 12:00:00', '2026-02-22 13:00:00'),
  (21, 9, NULL, 'New release from a studio you have favorited.', 66.34, 0, 'accepted', '2026-02-26 12:00:00', '2026-02-28 04:00:00'),
  (21, 11, 7, 'Matches your top-rated genre preferences.', 78.01, 0, 'dismissed', '2026-03-27 12:00:00', '2026-03-29 00:00:00'),
  (22, 5, 39, 'Recommended based on recent forum activity.', 68.43, 1, 'new', '2026-04-02 12:00:00', '2026-04-04 05:00:00'),
  (22, 12, 18, 'Recommended based on recent forum activity.', 84.52, 0, 'accepted', '2026-04-07 12:00:00', '2026-04-07 22:00:00'),
  (22, 20, 16, 'Matches your top-rated genre preferences.', 91.24, 0, 'accepted', '2026-03-08 12:00:00', '2026-03-09 09:00:00'),
  (22, 40, 2, 'New release from a studio you have favorited.', 99.88, 0, 'new', '2026-03-26 12:00:00', '2026-03-28 12:00:00'),
  (23, 12, 37, 'Trending this week in your region.', 70.44, 0, 'accepted', '2026-03-10 12:00:00', '2026-03-11 19:00:00'),
  (23, 17, NULL, 'High retention rate among comparable player profiles.', 77.82, 0, 'dismissed', '2026-02-22 12:00:00', '2026-02-24 00:00:00'),
  (23, 35, 7, 'New release from a studio you have favorited.', 60.76, 0, 'dismissed', '2026-03-02 12:00:00', '2026-03-03 00:00:00'),
  (23, 38, NULL, 'High retention rate among comparable player profiles.', 84.44, 0, 'new', '2026-02-23 12:00:00', '2026-02-24 08:00:00'),
  (24, 5, 22, 'High retention rate among comparable player profiles.', 66.72, 0, 'dismissed', '2026-03-20 12:00:00', '2026-03-20 16:00:00'),
  (24, 26, NULL, 'Shares multiple tags with your favorite games.', 81.11, 0, 'new', '2026-04-07 12:00:00', '2026-04-08 21:00:00'),
  (25, 7, 25, 'Highly rated by the community this season.', 68.42, 1, 'dismissed', '2026-04-11 12:00:00', '2026-04-12 01:00:00'),
  (26, 37, 37, 'New release from a studio you have favorited.', 61.44, 0, 'new', '2026-04-14 12:00:00', '2026-04-15 20:00:00'),
  (29, 1, 12, 'High retention rate among comparable player profiles.', 83.55, 1, 'new', '2026-03-02 12:00:00', '2026-03-02 23:00:00'),
  (29, 5, 11, 'New release from a studio you have favorited.', 90.33, 0, 'new', '2026-03-23 12:00:00', '2026-03-25 05:00:00'),
  (29, 27, 28, 'New release from a studio you have favorited.', 72.25, 1, 'new', '2026-03-27 12:00:00', '2026-03-27 13:00:00'),
  (31, 1, NULL, 'Highly rated by the community this season.', 63.57, 0, 'accepted', '2026-04-04 12:00:00', '2026-04-05 03:00:00'),
  (31, 37, 23, 'Recommended based on recent forum activity.', 60.80, 0, 'accepted', '2026-04-09 12:00:00', '2026-04-09 17:00:00'),
  (32, 10, NULL, 'Recommended based on recent forum activity.', 97.67, 0, 'accepted', '2026-03-17 12:00:00', '2026-03-18 10:00:00'),
  (32, 21, 9, 'High retention rate among comparable player profiles.', 99.82, 0, 'dismissed', '2026-04-09 12:00:00', '2026-04-10 14:00:00'),
  (32, 25, 15, 'Similar gameplay loop to your most-played title.', 64.50, 1, 'accepted', '2026-04-12 12:00:00', '2026-04-13 12:00:00'),
  (35, 20, NULL, 'Matches your top-rated genre preferences.', 71.88, 0, 'dismissed', '2026-03-11 12:00:00', '2026-03-11 16:00:00'),
  (37, 7, 4, 'Popular among players you follow.', 84.40, 1, 'accepted', '2026-03-24 12:00:00', '2026-03-25 17:00:00'),
  (37, 25, 36, 'Recommended based on recent forum activity.', 76.34, 1, 'accepted', '2026-03-10 12:00:00', '2026-03-10 13:00:00'),
  (37, 37, 7, 'Highly rated by the community this season.', 67.15, 0, 'new', '2026-02-25 12:00:00', '2026-02-25 19:00:00'),
  (38, 7, 40, 'Popular among players you follow.', 67.72, 0, 'new', '2026-03-12 12:00:00', '2026-03-13 01:00:00'),
  (38, 10, NULL, 'Highly rated by the community this season.', 98.78, 0, 'new', '2026-04-09 12:00:00', '2026-04-09 15:00:00'),
  (38, 21, 14, 'New release from a studio you have favorited.', 69.87, 1, 'accepted', '2026-02-20 12:00:00', '2026-02-20 20:00:00'),
  (39, 15, NULL, 'New release from a studio you have favorited.', 61.71, 1, 'accepted', '2026-03-04 12:00:00', '2026-03-06 11:00:00'),
  (39, 21, 17, 'Trending this week in your region.', 75.55, 0, 'new', '2026-04-16 12:00:00', '2026-04-16 19:00:00'),
  (40, 15, NULL, 'Matches your top-rated genre preferences.', 93.34, 0, 'accepted', '2026-03-23 12:00:00', '2026-03-25 12:00:00'),
  (40, 23, 3, 'Matches your top-rated genre preferences.', 93.33, 0, 'new', '2026-03-28 12:00:00', '2026-03-29 17:00:00');

-- servers
INSERT INTO servers (server_name, region, environment, status, capacity_percent, last_heartbeat, created_at) VALUES
  ('gg-prod-na-east-01', 'NA-East', 'production', 'down', 36.46, '2026-04-20 10:26:00', '2026-01-27 12:00:00'),
  ('gg-prod-na-west-02', 'NA-West', 'production', 'healthy', 42.42, '2026-04-20 11:45:00', '2025-11-09 12:00:00'),
  ('gg-prod-eu-central-03', 'EU-Central', 'production', 'healthy', 51.52, '2026-04-20 10:13:00', '2025-11-13 12:00:00'),
  ('gg-prod-eu-west-04', 'EU-West', 'production', 'healthy', 53.26, '2026-04-20 11:06:00', '2025-09-06 12:00:00'),
  ('gg-prod-ap-south-05', 'AP-South', 'production', 'degraded', 28.34, '2026-04-20 11:43:00', '2025-08-25 12:00:00'),
  ('gg-prod-latam-06', 'LATAM', 'production', 'healthy', 93.53, '2026-04-20 10:11:00', '2026-01-10 12:00:00'),
  ('gg-prod-na-east-07', 'NA-East', 'production', 'healthy', 87.90, '2026-04-20 10:58:00', '2025-07-29 12:00:00'),
  ('gg-prod-na-west-08', 'NA-West', 'production', 'healthy', 50.05, '2026-04-20 10:41:00', '2025-11-14 12:00:00'),
  ('gg-prod-eu-central-09', 'EU-Central', 'production', 'degraded', 63.91, '2026-04-20 10:09:00', '2025-08-28 12:00:00'),
  ('gg-prod-eu-west-10', 'EU-West', 'production', 'degraded', 73.18, '2026-04-20 10:05:00', '2026-01-17 12:00:00'),
  ('gg-prod-ap-south-11', 'AP-South', 'production', 'healthy', 54.05, '2026-04-20 10:06:00', '2025-11-06 12:00:00'),
  ('gg-prod-latam-12', 'LATAM', 'production', 'healthy', 20.07, '2026-04-20 10:36:00', '2025-12-01 12:00:00'),
  ('gg-prod-na-east-13', 'NA-East', 'production', 'healthy', 84.47, '2026-04-20 10:52:00', '2025-08-07 12:00:00'),
  ('gg-prod-na-west-14', 'NA-West', 'production', 'healthy', 72.90, '2026-04-20 11:31:00', '2025-09-01 12:00:00'),
  ('gg-prod-eu-central-15', 'EU-Central', 'production', 'degraded', 56.53, '2026-04-20 10:31:00', '2025-08-24 12:00:00'),
  ('gg-prod-eu-west-16', 'EU-West', 'production', 'healthy', 49.63, '2026-04-20 10:26:00', '2025-12-18 12:00:00'),
  ('gg-prod-ap-south-17', 'AP-South', 'production', 'healthy', 68.10, '2026-04-20 10:37:00', '2025-11-13 12:00:00'),
  ('gg-prod-latam-18', 'LATAM', 'production', 'healthy', 81.12, '2026-04-20 10:05:00', '2025-09-16 12:00:00'),
  ('gg-prod-na-east-19', 'NA-East', 'production', 'healthy', 66.47, '2026-04-20 11:39:00', '2025-10-13 12:00:00'),
  ('gg-prod-na-west-20', 'NA-West', 'production', 'degraded', 83.15, '2026-04-20 10:08:00', '2026-01-08 12:00:00'),
  ('gg-prod-eu-central-21', 'EU-Central', 'production', 'healthy', 54.33, '2026-04-20 11:29:00', '2025-11-27 12:00:00'),
  ('gg-prod-eu-west-22', 'EU-West', 'production', 'down', 19.03, '2026-04-20 11:31:00', '2025-10-02 12:00:00'),
  ('gg-prod-ap-south-23', 'AP-South', 'production', 'healthy', 47.26, '2026-04-20 11:29:00', '2026-01-30 12:00:00'),
  ('gg-prod-latam-24', 'LATAM', 'production', 'healthy', 79.10, '2026-04-20 11:02:00', '2026-01-28 12:00:00'),
  ('gg-stage-na-east-25', 'NA-East', 'staging', 'degraded', 50.77, '2026-04-20 11:44:00', '2025-10-15 12:00:00'),
  ('gg-stage-na-west-26', 'NA-West', 'staging', 'healthy', 16.42, '2026-04-20 11:08:00', '2025-11-06 12:00:00'),
  ('gg-stage-eu-central-27', 'EU-Central', 'staging', 'healthy', 58.93, '2026-04-20 10:14:00', '2026-01-27 12:00:00'),
  ('gg-stage-eu-west-28', 'EU-West', 'staging', 'degraded', 92.05, '2026-04-20 10:38:00', '2025-12-04 12:00:00'),
  ('gg-stage-ap-south-29', 'AP-South', 'staging', 'degraded', 59.99, '2026-04-20 10:36:00', '2025-09-01 12:00:00'),
  ('gg-stage-latam-30', 'LATAM', 'staging', 'healthy', 42.27, '2026-04-20 10:14:00', '2026-02-06 12:00:00');

-- alerts
INSERT INTO alerts (server_id, alert_severity, alert_type, alert_message, alert_status, recorded_at, acknowledged_by_admin_id, acknowledged_at, resolved_at) VALUES
  (27, 'low', 'ssl-cert-expiry', 'SSL certificate for /api/them expires in 5539 days.', 'acknowledged', '2026-03-04 12:00:00', 40, '2026-03-05 03:00:00', NULL),
  (4, 'low', 'disk-watermark', 'Disk usage crossed 80% watermark on volume /data/vol-6.', 'resolved', '2026-03-13 12:00:00', 39, '2026-03-14 05:00:00', '2026-03-15 12:00:00'),
  (23, 'low', 'memory-pressure', 'Memory usage hit 74% — OOM risk rising.', 'active', '2026-01-31 12:00:00', NULL, NULL, NULL),
  (7, 'low', 'error-rate-spike', '5xx error rate spiked to 84% of requests.', 'acknowledged', '2026-04-06 12:00:00', 38, '2026-04-06 14:00:00', NULL),
  (30, 'medium', 'gc-pause', 'GC pause exceeded 2118ms on worker pod.', 'active', '2026-02-03 12:00:00', NULL, NULL, NULL),
  (17, 'low', 'ssl-cert-expiry', 'SSL certificate for /api/knowledge expires in 171 days.', 'acknowledged', '2026-02-23 12:00:00', 39, '2026-02-24 04:00:00', NULL),
  (30, 'medium', 'memory-pressure', 'Memory usage hit 75% — OOM risk rising.', 'active', '2026-01-25 12:00:00', NULL, NULL, NULL),
  (20, 'medium', 'connection-pool-exhaustion', 'Connection pool 98% utilized — near saturation.', 'active', '2026-02-01 12:00:00', NULL, NULL, NULL),
  (30, 'high', 'disk-watermark', 'Disk usage crossed 82% watermark on volume /data/vol-6.', 'resolved', '2026-02-21 12:00:00', 36, '2026-02-21 17:00:00', '2026-02-23 15:00:00'),
  (20, 'high', 'replication-lag', 'DB replica lag reached 4997s.', 'acknowledged', '2026-02-08 12:00:00', 40, '2026-02-08 19:00:00', NULL),
  (7, 'low', 'matchmaking-delay', 'Matchmaking queue p95 at 5757s — above SLA target.', 'resolved', '2026-01-26 12:00:00', 36, '2026-01-27 05:00:00', '2026-01-28 23:00:00'),
  (23, 'medium', 'cpu-saturation', 'CPU utilization at 87% — above target ceiling.', 'acknowledged', '2026-01-24 12:00:00', 40, '2026-01-25 02:00:00', NULL),
  (22, 'high', 'replication-lag', 'DB replica lag reached 4784s.', 'resolved', '2026-02-12 12:00:00', 35, '2026-02-12 13:00:00', '2026-02-14 13:00:00'),
  (5, 'low', 'latency-spike', 'Latency exceeded 3375ms threshold on endpoint /api/surface.', 'resolved', '2026-01-22 12:00:00', 37, '2026-01-22 17:00:00', '2026-01-23 16:00:00'),
  (23, 'high', 'disk-watermark', 'Disk usage crossed 71% watermark on volume /data/vol-6.', 'resolved', '2026-04-06 12:00:00', 39, '2026-04-07 10:00:00', '2026-04-09 12:00:00'),
  (18, 'high', 'replication-lag', 'DB replica lag reached 6471s.', 'acknowledged', '2026-04-13 12:00:00', 38, '2026-04-14 01:00:00', NULL),
  (14, 'critical', 'connection-pool-exhaustion', 'Connection pool 71% utilized — near saturation.', 'acknowledged', '2026-03-25 12:00:00', 39, '2026-03-26 03:00:00', NULL),
  (27, 'low', 'connection-pool-exhaustion', 'Connection pool 87% utilized — near saturation.', 'acknowledged', '2026-03-26 12:00:00', 37, '2026-03-27 03:00:00', NULL),
  (6, 'critical', 'cpu-saturation', 'CPU utilization at 75% — above target ceiling.', 'active', '2026-02-24 12:00:00', NULL, NULL, NULL),
  (9, 'medium', 'memory-pressure', 'Memory usage hit 88% — OOM risk rising.', 'active', '2026-02-19 12:00:00', NULL, NULL, NULL),
  (23, 'critical', 'latency-spike', 'Latency exceeded 2618ms threshold on endpoint /api/night.', 'acknowledged', '2026-01-10 12:00:00', 40, '2026-01-11 08:00:00', NULL),
  (27, 'high', 'ssl-cert-expiry', 'SSL certificate for /api/table expires in 9482 days.', 'active', '2026-01-19 12:00:00', NULL, NULL, NULL),
  (11, 'medium', 'memory-pressure', 'Memory usage hit 72% — OOM risk rising.', 'active', '2026-02-10 12:00:00', NULL, NULL, NULL),
  (13, 'low', 'disk-watermark', 'Disk usage crossed 91% watermark on volume /data/vol-6.', 'active', '2026-03-13 12:00:00', NULL, NULL, NULL),
  (7, 'critical', 'gc-pause', 'GC pause exceeded 8791ms on worker pod.', 'active', '2026-03-06 12:00:00', NULL, NULL, NULL),
  (15, 'low', 'gc-pause', 'GC pause exceeded 4094ms on worker pod.', 'active', '2026-04-05 12:00:00', NULL, NULL, NULL),
  (13, 'low', 'matchmaking-delay', 'Matchmaking queue p95 at 504s — above SLA target.', 'acknowledged', '2026-02-13 12:00:00', 38, '2026-02-14 04:00:00', NULL),
  (2, 'low', 'disk-watermark', 'Disk usage crossed 86% watermark on volume /data/vol-2.', 'resolved', '2026-03-29 12:00:00', 39, '2026-03-30 06:00:00', '2026-03-30 13:00:00'),
  (21, 'low', 'disk-watermark', 'Disk usage crossed 96% watermark on volume /data/vol-2.', 'active', '2026-01-20 12:00:00', NULL, NULL, NULL),
  (29, 'critical', 'error-rate-spike', '5xx error rate spiked to 93% of requests.', 'active', '2026-01-18 12:00:00', NULL, NULL, NULL),
  (11, 'low', 'cpu-saturation', 'CPU utilization at 75% — above target ceiling.', 'acknowledged', '2026-02-05 12:00:00', 36, '2026-02-05 21:00:00', NULL),
  (14, 'medium', 'error-rate-spike', '5xx error rate spiked to 80% of requests.', 'active', '2026-04-04 12:00:00', NULL, NULL, NULL),
  (18, 'low', 'gc-pause', 'GC pause exceeded 1136ms on worker pod.', 'acknowledged', '2026-04-10 12:00:00', 37, '2026-04-11 05:00:00', NULL),
  (4, 'low', 'matchmaking-delay', 'Matchmaking queue p95 at 1517s — above SLA target.', 'active', '2026-01-25 12:00:00', NULL, NULL, NULL),
  (1, 'medium', 'replication-lag', 'DB replica lag reached 3702s.', 'acknowledged', '2026-02-09 12:00:00', 37, '2026-02-10 09:00:00', NULL),
  (5, 'low', 'connection-pool-exhaustion', 'Connection pool 87% utilized — near saturation.', 'active', '2026-04-19 12:00:00', NULL, NULL, NULL),
  (19, 'medium', 'replication-lag', 'DB replica lag reached 9070s.', 'active', '2026-01-15 12:00:00', NULL, NULL, NULL),
  (29, 'high', 'disk-watermark', 'Disk usage crossed 98% watermark on volume /data/vol-3.', 'active', '2026-03-22 12:00:00', NULL, NULL, NULL),
  (20, 'high', 'disk-watermark', 'Disk usage crossed 75% watermark on volume /data/vol-1.', 'resolved', '2026-02-08 12:00:00', 38, '2026-02-09 09:00:00', '2026-02-11 00:00:00'),
  (3, 'low', 'cpu-saturation', 'CPU utilization at 73% — above target ceiling.', 'acknowledged', '2026-02-16 12:00:00', 37, '2026-02-17 00:00:00', NULL),
  (5, 'high', 'disk-watermark', 'Disk usage crossed 79% watermark on volume /data/vol-2.', 'resolved', '2026-03-10 12:00:00', 38, '2026-03-11 03:00:00', '2026-03-12 10:00:00'),
  (20, 'high', 'gc-pause', 'GC pause exceeded 2596ms on worker pod.', 'resolved', '2026-02-24 12:00:00', 36, '2026-02-24 13:00:00', '2026-02-26 09:00:00'),
  (8, 'high', 'error-rate-spike', '5xx error rate spiked to 96% of requests.', 'active', '2026-01-16 12:00:00', NULL, NULL, NULL),
  (11, 'high', 'ssl-cert-expiry', 'SSL certificate for /api/appear expires in 7396 days.', 'active', '2026-04-06 12:00:00', NULL, NULL, NULL),
  (6, 'medium', 'cpu-saturation', 'CPU utilization at 97% — above target ceiling.', 'resolved', '2026-03-25 12:00:00', 37, '2026-03-26 12:00:00', '2026-03-28 05:00:00'),
  (3, 'high', 'latency-spike', 'Latency exceeded 8409ms threshold on endpoint /api/age.', 'resolved', '2026-02-04 12:00:00', 38, '2026-02-05 07:00:00', '2026-02-06 02:00:00'),
  (30, 'low', 'matchmaking-delay', 'Matchmaking queue p95 at 9004s — above SLA target.', 'acknowledged', '2026-03-31 12:00:00', 37, '2026-04-01 01:00:00', NULL),
  (8, 'high', 'gc-pause', 'GC pause exceeded 4867ms on worker pod.', 'acknowledged', '2026-04-08 12:00:00', 38, '2026-04-09 00:00:00', NULL),
  (17, 'low', 'disk-watermark', 'Disk usage crossed 94% watermark on volume /data/vol-3.', 'active', '2026-03-28 12:00:00', NULL, NULL, NULL),
  (19, 'critical', 'memory-pressure', 'Memory usage hit 81% — OOM risk rising.', 'active', '2026-02-16 12:00:00', NULL, NULL, NULL),
  (8, 'low', 'connection-pool-exhaustion', 'Connection pool 71% utilized — near saturation.', 'acknowledged', '2026-03-04 12:00:00', 38, '2026-03-05 04:00:00', NULL),
  (30, 'medium', 'latency-spike', 'Latency exceeded 753ms threshold on endpoint /api/senior.', 'active', '2026-02-12 12:00:00', NULL, NULL, NULL),
  (21, 'high', 'matchmaking-delay', 'Matchmaking queue p95 at 9580s — above SLA target.', 'active', '2026-03-02 12:00:00', NULL, NULL, NULL),
  (12, 'medium', 'cpu-saturation', 'CPU utilization at 78% — above target ceiling.', 'resolved', '2026-03-22 12:00:00', 39, '2026-03-23 01:00:00', '2026-03-24 11:00:00'),
  (27, 'high', 'ssl-cert-expiry', 'SSL certificate for /api/across expires in 7998 days.', 'acknowledged', '2026-04-02 12:00:00', 38, '2026-04-02 18:00:00', NULL),
  (8, 'low', 'matchmaking-delay', 'Matchmaking queue p95 at 3565s — above SLA target.', 'active', '2026-02-01 12:00:00', NULL, NULL, NULL),
  (23, 'high', 'disk-watermark', 'Disk usage crossed 95% watermark on volume /data/vol-6.', 'acknowledged', '2026-02-17 12:00:00', 40, '2026-02-18 04:00:00', NULL),
  (16, 'low', 'memory-pressure', 'Memory usage hit 70% — OOM risk rising.', 'active', '2026-02-05 12:00:00', NULL, NULL, NULL),
  (19, 'low', 'replication-lag', 'DB replica lag reached 742s.', 'active', '2026-03-17 12:00:00', NULL, NULL, NULL),
  (30, 'low', 'error-rate-spike', '5xx error rate spiked to 88% of requests.', 'resolved', '2026-01-16 12:00:00', 40, '2026-01-16 22:00:00', '2026-01-17 18:00:00');

-- reports
INSERT INTO reports (created_by_user_id, offender_user_id, offender_type, offender_reference_id, report_text, report_status, handled_by_admin_id, created_at, resolved_at, resolution_notes) VALUES
  (14, NULL, 'thread', 39, 'Toxic behavior in forum thread, harassing other users.', 'rejected', 36, '2026-03-29 12:00:00', '2026-04-12 12:00:00', 'Forwarded to anti-cheat team for deeper analysis.'),
  (10, NULL, 'other', NULL, 'Impersonating a developer or moderator in chat.', 'resolved', 39, '2026-03-27 12:00:00', '2026-04-07 12:00:00', 'No violation found after investigation.'),
  (22, NULL, 'thread', 39, 'Impersonating a developer or moderator in chat.', 'open', NULL, '2026-03-02 12:00:00', NULL, NULL),
  (25, NULL, 'game', 7, 'Player was using abusive language in voice chat during a ranked match.', 'open', NULL, '2025-12-30 12:00:00', NULL, NULL),
  (33, NULL, 'studio', 27, 'Racist imagery in custom avatar/banner.', 'open', NULL, '2026-04-07 12:00:00', NULL, NULL),
  (12, NULL, 'thread', 58, 'Impersonating a developer or moderator in chat.', 'in_review', 39, '2025-12-28 12:00:00', NULL, NULL),
  (33, NULL, 'other', NULL, 'Suspected wallhack — player consistently tracks opponents through walls.', 'open', NULL, '2026-01-25 12:00:00', NULL, NULL),
  (9, NULL, 'server', 18, 'Racist imagery in custom avatar/banner.', 'open', NULL, '2026-01-10 12:00:00', NULL, NULL),
  (28, NULL, 'server', 14, 'Team-killing repeatedly in competitive mode.', 'rejected', 39, '2026-01-20 12:00:00', '2026-01-27 12:00:00', 'Permanent ban applied after repeated violations.'),
  (31, NULL, 'other', NULL, 'Advertising third-party services in comment section.', 'in_review', 40, '2026-02-03 12:00:00', NULL, NULL),
  (37, 28, 'user', 9, 'Spam messages flooding the game chat channel.', 'in_review', 35, '2026-03-21 12:00:00', NULL, NULL),
  (19, NULL, 'server', 29, 'Bot account farming in-game currency.', 'in_review', 35, '2026-03-26 12:00:00', NULL, NULL),
  (1, NULL, 'server', 17, 'Suspected wallhack — player consistently tracks opponents through walls.', 'in_review', 40, '2026-03-02 12:00:00', NULL, NULL),
  (14, NULL, 'studio', 21, 'Exploiting a map glitch to get out of bounds.', 'in_review', 38, '2026-03-31 12:00:00', NULL, NULL),
  (38, NULL, 'comment', 34, 'Racist imagery in custom avatar/banner.', 'in_review', 37, '2026-02-06 12:00:00', NULL, NULL),
  (40, NULL, 'comment', 51, 'Advertising third-party services in comment section.', 'open', NULL, '2026-02-08 12:00:00', NULL, NULL),
  (36, NULL, 'thread', 12, 'Team-killing repeatedly in competitive mode.', 'in_review', 37, '2026-02-17 12:00:00', NULL, NULL),
  (20, NULL, 'server', 12, 'Advertising third-party services in comment section.', 'resolved', 36, '2026-01-15 12:00:00', '2026-01-29 12:00:00', 'Temporary 7-day suspension applied.'),
  (15, NULL, 'thread', 51, 'Match manipulation — both teams appear coordinated.', 'rejected', 36, '2026-04-07 12:00:00', '2026-04-16 12:00:00', 'Forwarded to anti-cheat team for deeper analysis.'),
  (22, NULL, 'other', NULL, 'Bot account farming in-game currency.', 'resolved', 40, '2026-01-22 12:00:00', '2026-01-23 12:00:00', 'Content removed, no further action needed.'),
  (1, NULL, 'other', NULL, 'Suspected wallhack — player consistently tracks opponents through walls.', 'resolved', 39, '2026-02-18 12:00:00', '2026-02-25 12:00:00', 'Temporary 7-day suspension applied.'),
  (17, NULL, 'game', 24, 'Suspected wallhack — player consistently tracks opponents through walls.', 'resolved', 38, '2026-01-17 12:00:00', '2026-01-24 12:00:00', 'No violation found after investigation.'),
  (39, 12, 'user', 32, 'Toxic behavior in forum thread, harassing other users.', 'open', NULL, '2026-01-01 12:00:00', NULL, NULL),
  (34, NULL, 'comment', 25, 'Player was using abusive language in voice chat during a ranked match.', 'resolved', 39, '2026-02-13 12:00:00', '2026-02-25 12:00:00', 'Permanent ban applied after repeated violations.'),
  (11, NULL, 'studio', 3, 'Team-killing repeatedly in competitive mode.', 'open', NULL, '2026-04-19 12:00:00', NULL, NULL),
  (11, 19, 'user', 26, 'Team-killing repeatedly in competitive mode.', 'resolved', 39, '2026-02-27 12:00:00', '2026-03-03 12:00:00', 'Warning issued to offending user.'),
  (5, 37, 'user', 19, 'Match manipulation — both teams appear coordinated.', 'resolved', 39, '2025-12-23 12:00:00', '2025-12-29 12:00:00', 'Duplicate report — already handled under report #53.'),
  (18, NULL, 'game', 39, 'Offensive username violating community guidelines.', 'in_review', 39, '2026-02-27 12:00:00', NULL, NULL),
  (1, NULL, 'comment', 23, 'Exploiting a map glitch to get out of bounds.', 'in_review', 35, '2026-02-07 12:00:00', NULL, NULL),
  (33, NULL, 'comment', 44, 'Suspected wallhack — player consistently tracks opponents through walls.', 'resolved', 39, '2026-03-18 12:00:00', '2026-04-01 12:00:00', 'No violation found after investigation.'),
  (29, NULL, 'thread', 37, 'Toxic behavior in forum thread, harassing other users.', 'resolved', 37, '2026-01-13 12:00:00', '2026-01-26 12:00:00', 'User apologized, informal warning issued.'),
  (30, NULL, 'server', 28, 'Player was using abusive language in voice chat during a ranked match.', 'in_review', 35, '2026-03-17 12:00:00', NULL, NULL),
  (25, NULL, 'studio', 15, 'Inappropriate content in user-generated level.', 'resolved', 37, '2026-01-07 12:00:00', '2026-01-14 12:00:00', 'Duplicate report — already handled under report #34.'),
  (35, 17, 'user', 16, 'Spam messages flooding the game chat channel.', 'open', NULL, '2026-01-23 12:00:00', NULL, NULL),
  (22, 37, 'user', 12, 'Toxic behavior in forum thread, harassing other users.', 'open', NULL, '2026-03-23 12:00:00', NULL, NULL),
  (37, NULL, 'comment', 24, 'Match manipulation — both teams appear coordinated.', 'resolved', 36, '2025-12-24 12:00:00', '2026-01-01 12:00:00', 'Permanent ban applied after repeated violations.'),
  (16, NULL, 'other', NULL, 'Spam messages flooding the game chat channel.', 'open', NULL, '2026-03-25 12:00:00', NULL, NULL),
  (16, NULL, 'other', NULL, 'Impersonating a developer or moderator in chat.', 'in_review', 35, '2026-01-10 12:00:00', NULL, NULL),
  (8, 33, 'user', 40, 'Player was using abusive language in voice chat during a ranked match.', 'resolved', 35, '2026-02-09 12:00:00', '2026-02-23 12:00:00', 'User apologized, informal warning issued.'),
  (40, NULL, 'comment', 64, 'Griefing newer players repeatedly in tutorial zone.', 'rejected', 39, '2025-12-26 12:00:00', '2026-01-09 12:00:00', 'No violation found after investigation.'),
  (12, NULL, 'other', NULL, 'Griefing newer players repeatedly in tutorial zone.', 'in_review', 36, '2026-02-28 12:00:00', NULL, NULL),
  (37, NULL, 'game', 4, 'Bot account farming in-game currency.', 'resolved', 39, '2026-02-17 12:00:00', '2026-02-18 12:00:00', 'Duplicate report — already handled under report #26.'),
  (12, NULL, 'thread', 8, 'Match manipulation — both teams appear coordinated.', 'in_review', 40, '2026-03-10 12:00:00', NULL, NULL),
  (1, 15, 'user', 25, 'Impersonating a developer or moderator in chat.', 'open', NULL, '2026-03-04 12:00:00', NULL, NULL),
  (40, NULL, 'other', NULL, 'Spam messages flooding the game chat channel.', 'open', NULL, '2026-03-17 12:00:00', NULL, NULL),
  (16, NULL, 'comment', 61, 'Impersonating a developer or moderator in chat.', 'open', NULL, '2026-03-27 12:00:00', NULL, NULL),
  (32, NULL, 'thread', 14, 'Exploiting a map glitch to get out of bounds.', 'resolved', 37, '2026-03-03 12:00:00', '2026-03-17 12:00:00', 'Forwarded to anti-cheat team for deeper analysis.'),
  (29, NULL, 'game', 37, 'Account appears to be boosted — stats jumped overnight.', 'rejected', 36, '2026-01-22 12:00:00', '2026-02-05 12:00:00', 'Temporary 7-day suspension applied.'),
  (18, NULL, 'other', NULL, 'Offensive username violating community guidelines.', 'in_review', 38, '2025-12-31 12:00:00', NULL, NULL),
  (13, NULL, 'game', 10, 'Toxic behavior in forum thread, harassing other users.', 'resolved', 38, '2026-03-28 12:00:00', '2026-04-05 12:00:00', 'Content removed, no further action needed.'),
  (34, NULL, 'server', 24, 'Team-killing repeatedly in competitive mode.', 'resolved', 37, '2026-03-12 12:00:00', '2026-03-21 12:00:00', 'Warning issued to offending user.'),
  (7, NULL, 'studio', 11, 'Player was using abusive language in voice chat during a ranked match.', 'open', NULL, '2026-03-18 12:00:00', NULL, NULL),
  (31, NULL, 'other', NULL, 'Inappropriate content in user-generated level.', 'open', NULL, '2026-01-14 12:00:00', NULL, NULL),
  (22, NULL, 'comment', 47, 'Team-killing repeatedly in competitive mode.', 'in_review', 37, '2025-12-21 12:00:00', NULL, NULL),
  (23, 28, 'user', 8, 'Team-killing repeatedly in competitive mode.', 'rejected', 36, '2026-02-01 12:00:00', '2026-02-11 12:00:00', 'Content removed, no further action needed.');
